label,text
0,经常吃，但是这次菜量是以前的一半，根本吃不饱
0,煎饼太一般了…
0,特别难吃，真的很难吃，不如街边五块钱的
0,无论如何，麻婆豆腐不应该先炸过啊⋯⋯
1,口味偏北方
0,一个半小时，可以
0,送的太慢了，等时间太长，送餐的老找不到地。
0,呵呵。。。等了两个小时。。。菜的味道不错，但是太慢了，打了好几个电话一直占线，好不容易打通了告诉我5分钟送到，结果又等了40分钟。附近上班族午休时间有限还是不要点了，人家工作你在那吃东西太尴尬了。以后不会点了。
1,很快，特别好
0,"最差的一次订餐体验,送的慢死了,东西也难吃。"
1,很值啊！用来订，味道好吃不腻。
0,"我刚刚投诉完商家，送餐员就到了,餐大概是在15点送到的，天气很热，能理解"
1,最好喝的奶茶，最给力的快递小哥。
0,时间提前太多，到吃饭的点都凉了，希望下次改善，量有些少，再增加点就好了
0,豆腐脑不给勺子。
1,很好吃。送货很准时！非常喜欢。赞赞赞
0,图片与实物不符...根本没鸡腿
0,"每次酸奶都不给我带吸管,心好累"
1,非常方便！很好！
0,好多肥肉。。肯定不是肘子肉！
0,真的太慢了，迟到一小时，所有菜都凉透了
0,太腻了，里面好多肥肉，吃完都犯恶心。。。
0,"辣白菜五花肉石锅拌饭套餐特别凉,凉的透心凉"
0,外送员很赞，商家能不能仔细看订单啊！点的干拌面送来的是汤面，说了粉汤羊血要多加辣椒送来的一点儿辣没有！！
0,没有在店里的好吃
1,大风天，骑士辛苦！好评！
0,送餐少米饭，要了三盒来了两盒，说给你和两盒了
1,能清楚的标明饺子馅就更好了！
0,一般般还很慢
0,送错主菜了，叫的宫保鸡丁送的干锅菜花，来不及只能先吃了，联系客服然而几个小时了还没退差价。
1,速度挺快，感谢送货大姐！
0,不要定这家，送餐太慢
0,送的太慢了，送餐员连路都不认识。
0,店家老板请交待店员不同馅的饺子不要混装一个盒子，我很反感这种做法。
1,很好吃，量又大！
1,配送很快！送来还是烫的！很好
0,包菜就是浸在油里面的，就是油泡包菜，拿水涮都涮不掉…也不好吃…米线凑合吧，比包菜好一点…下次不会再来了
0,一般！也不怎么样
0,拿来的花卷儿时一个月前的花卷儿吧，咬都咬不动
0,感觉现在越来越不好吃了！
1,送的超级快，送餐员很辛苦。快乐柠檬一直喜欢喝
1,豆腐脑再多点香菜就好了
1,有点辣还行吧，米饭少
0,"还不错,就是想吃两个蛋的煎饼不知道怎么算价格"
0,等了一小时，感觉量略少，一个女生勉强能吃饱，偏偏我是饭量大的女生
1,送餐越来越快啦！
0,等了那么久，都快饿死了，开餐馆的你自己去饿一个半小时试试？送过来可乐还洒了
0,好咸好咸好咸，两份菜下肚估计吃掉了2量油1量盐，虽然盐是属于腊肉的但油是属于肥肉的。不过咸到这个程度我也是醉了。送餐大叔态度很好。
0,牛肉略柴，蕃茄太多，汤也不怎样
0,番茄贡丸豆花米线以后请叫番茄贡丸米线，好吧？！想给零分差评！！！
0,不好吃！！！！速度超级慢！！！！等了将近2小时！重点是披萨都是超级凉了
0,"不少送餐高峰定的,所以很快,但是很难吃,凉的"
0,量太少了，干锅牛蛙都是辣椒都没有牛蛙，不值这个价格
0,感觉没有原来好吃了，是不是换人了！
0,百度配送快，正一味的拌饭是馊的，剩饭你们自己都不吃的居然还敢卖？！
1,"速度快,性价比超高"
0,粥尚可，饼一般
1,九点多订的餐、等了两个多小时。速度太慢了。
0,菜太少了，饼有点厚，酱汁味道浅
1,"其它都挺好,就是鸡柳煎饼太难吃了,太重口味了,吃完直恶心"
1,好快，下雨天送餐师傅辛苦了
0,多等了半个多小时才送到
0,太太太太慢了！！！2个多小时，十点多下单，1点才到
1,很好吃的，刚刚好！
0,"11点下单2点才送到,真特么服了,而且,肘子卷里面根本没肘子肉,就是普通猪肉块"
0,送了一个多小时也就算了，怎么能发图片呢？简直了，全洒了纸杯上全是泥汤子
1,今天师傅是不是手抖了，微辣格外辣！
0,还可以，就是量小点
0,每次肯定晚至少一个小时，下单了最后没送到，真是醉了，饭也给的死少。不建议大家订餐，如果非要吃，最后提前一天订，第二天再吃
0,味道还不错，点了两份套餐，说的是有豆腐脑，送来发现没有豆腐脑，电话咨询，对方还说是按单送送餐，我有特意看了下，我的单子上确实有豆腐脑！
1,也就是几块钱的东西吧，感觉标价明显是提高了的
0,饭菜质量一般般，可选的饮料种类也少
0,二十多块钱一小盒，心真黑
0,太慢了，送来都凉了，态度各种差
0,不咋好吃，快递服务不错
1,还行，挺好吃！
0,服务态度不好
1,送餐巨快！态度超级好！面条好吃！就是花生米菠菜，花生太多了！本来想吃点菜的！
1,葱花饼好吃，一份不够吃有点。建议出大小份
0,两个小时才到
0,强烈投诉！！！！！！！鸡肉都是碎头！！都是！！！！！！！！和第一次定完全不一样！点大份送来的却是一盘散沙！！明显比第一次给的少太多！！！就连米饭都不满，店家你至于吗？！？更可气青笋不到10片还都切的跟芹菜似的～回头客就是被坑！慎重吧！！！！！我是不会再点啦！！！！！坑人啊！！！！！！！
1,挺不错的，快递员找了好久才找到，很辛苦
0,什么都不想说了，什么玩意儿，再订这一家我宁愿吃翔
1,非常不错，谢谢送餐的师傅
0,慢了半小时
1,外卖小哥送的很及时，服务态度很好。给个赞！
0,一个多小时才送到，菜汤还都撒了，只给送到楼下
1,时间有点久，不过总体都还好
1,非常好吃！冰花很脆！
0,鸡翅不是奥尔良味道，排骨不新鲜，送餐慢，披萨还凑合
0,10点50订的，12点半才送来，都凉了
0,"真是奇葩宇宙卷饼外送服务。说下这家的感受，一共点过三次此家的外卖。第一次点，早上十点半不到下单，下午两点硬是没吃上饭，期间催单无数次，打电话要么不通要么通了就说送餐员一直在路上马上送到，愣是被忽悠一大中午，无语。无奈只好把当天体验在评价里留言给予差评，结果晚上下班接到店家的电话，各种不容易，服务没做好等等道歉，OK咱们也不是蛮不讲理之人，创业做生意谁都不容易，也许当天真是店里忙不过来，你让我把差评删除没问题，也希望能有所改进。第二次点餐服务还是不错的，送餐只用了50分钟而且产品的包装和配送人员都不错.,第三次点餐，也就是今天，早上10:09下单，送餐员中午1:08拿着餐急急火火的进门，一句道歉的话没说，我问了句“你家怎么送餐这么慢，都三个小时了”，送餐小哥一脸不愿意的说中午就是这么忙，那还要不要？遂忿忿离去。我去真牛，感情你送餐晚，送不到怪我喽？送的慢你不知道提前电话沟通下吗，不打电话问你们，就装着没事人一样。得了，对这家也不抱什么希望了，宇宙卷饼就是这么霸气！"
0,真的很难吃
0,这个饼真的很难吃，第一口肥肉，第二口还是肥肉，没有什么味道
1,饭提前到了，而且还弄漏了真是的
0,少发一份青笋，外卖量比较少
0,"不好吃,不好吃,非常不好吃"
0,送餐快点就更好了
1,菜有点少，饼有点干
0,"太差了！配送员把饭都撒包装袋里了,还好意思收配送费,无语了"
0,我自己去买也用不了这么长时间
1,很好的，外卖小哥很好很快的，一会儿就送到了，赞
0,不知道是商家不做还是快递员不送，2个小时才送到，餐到已经彻底凉透，很是无语
0,送餐员到了打电话，让我下楼自取。我下楼后找不着人，打电话才知道他去别的地方送餐了，让我在楼下等他，等了8分钟。我还要上班了，自己下楼取还要等他？开玩笑吧，服务太差了。咖啡还凉了。
1,三明治的沙拉酱不太好吃
0,一般般，也就顶多值优惠过的价格！
1,还可以吧！！！送餐很快
0,我真的很少给差评，这送餐员太不靠谱了吧，居然找人随便把餐带上来!
1,"鸡翅很好吃,速度一般,但是送过来还是热的,好评一发"
1,非常好的一次外卖订餐，很及时！泡菜好吃！
1,好吃，总点，这么多够五个人吃。送的很快。
0,清水煮面。啥滋味都没有
0,吃出来了头发丝呵呵呵呵
0,给的超级少，那么大一个盒子装了不到一半，连牛肉的影子都没看见，再也不来了
0,太差了，下次肯定不定
0,送餐时间太长，饭太一般了，汤是调料冲的
0,肥肉太多吃的时候还把嘴唇拿破了
0,…要的奶盖格雷没有奶盖…跟上次喝的奶盖格雷不一样…
0,"慢的不行,就是慢,绝对不黑,贼难吃,等了将近2小时,好吃也行啊"
0,不太好吃！
0,"菜量很大,送的很快,但西红柿炒鸡蛋不好吃"
0,送餐超时太慢！送到的餐全凉了！！要的套餐里没有给送薯条！！百度外卖以及汉堡王商家都太差劲了！！！
1,大哥很热情！不错!好评
0,订的12：00送餐，12：50才送到，上班族中午时间有限，请商家以后工作再细心一点。红烧牛肉套餐土豆多可以理解，但牛肉太老了嚼不动，请改进。米饭量挺多的值得表扬。
0,配送服务极其慢，从订餐到吃到东西，几乎用了2个小时，什么破玩意，再也不吃了！！！！
0,什么情况？不是已经打电话说好了取消订单吗？还给不给退款了？能不能有点信誉
0,点了两份饭就给了一盒米饭，送餐小哥打电话根本不知道他在讲什么！
1,还可以，经常订，省事
0,哇。。还好是满减买的，原价买的要哭死的了。。。一手的面皮肉好少
1,外卖给力煎饼非常给力
1,很好！送餐员也很棒！
0,"疑似送错,没奶泡,没焦糖,还撒了,送了一个半小时,商家又没超时半价,张嘴就跟我瞎话,还系统已经自动半价,送的貌似是普通拿铁,估计我那杯不知道给谁去了,为别人多花四块,呵呵"
0,太慢了，等了一个多小时
0,大酱汤什么玩意啊，特别少不说，里面都没有东西，一共就三块豆腐，千万别点了
0,并不是太好吃
0,没有优惠差评！
1,外卖小哥很赞！送的很快养乐多好喝！
0,都凉了。煎饼凉了。土豆肉卷也凉了。很难吃了！配送送的也慢，50分钟！
1,不错，很好吃。
0,好难吃，说是酥肉，其实都是大肥肉，味道也不行，第一次百度订餐，印象很差劲
0,送货速度太慢，催了好几次，菜还不错
1,都挺好的我很满意。。。
1,还行吧，素炒饼咸了，什锦炒饭淡了，醋溜木须油大了
1,肉比较多，不过比较油腻，一个感觉不是太饱
0,里面粥盒碎的，粥全撒了；只剩卷饼淹没在粥当中……
0,"难吃到吐,送餐慢，服务态度差,一张硬面皮里面裹点肉卖20～"
1,"锅包肉,还好,那个酸菜白肉竟然是大白菜,放了点醋,太难吃了,吃完就拉肚子了"
1,速度很快，态度很好，赞一个
1,快递很快，量很大，就是有点太咸了
0,菜特别少，味道特别差，以后不在定了
0,都说了米线和宽面，写了备注还送错、软软的怎么吃，
0,"送餐员非常不用心！！！！,13：15到的订单，11：45就到了。好心收了吧，发现塑料袋直接就堆在地上了，人直愣愣的站在地上！不说卫生的问题，没有恒温包装，你吃凉的饭吗？！,从来没有这样的经历，感觉你真的不配做这个工作！！,对送餐员非常不满意！！！,如果送餐员是百度的，我要考虑换app,如果是商家的，再好吃也不订了！"
0,"怎么就交易成功了？我都退餐了，我都打电话打到400了，怎么不退款给我,这平台怎么搞的"
1,商家因为某个东西售完直接取消了订单，就不能提前打个电话么，白等了半小时。
1,送餐有够慢，说是一个小时，结果快两个小时才到，我总觉得是商家一个小时才出餐，送餐时间也长
0,棍棍面送成扯面了
1,香脆鸡肉披萨很好吃，这次的料更足，满意
0,等了一个多小时，催两次单，不过客服态度还可以。
1,肉有点腻了
0,11:32下单，13:15才送达。中途催了好几次，送达之后薯条已经软了，可乐洒的只剩半杯了，很失望！望改进
1,还不错，量挺大。
1,很好，百度骑士师傅很好，很快速的送到，大赞
1,挺好吃的，凉拌木耳味道也很好
1,非常好，快递非常不错
0,我家离贵店不是很远，送餐大概一小时，菜的口感一般，价格偏贵，米饭很少，性价比一般
1,送的非常快，包装好！谢谢师傅！
0,20的套餐，4个菜，还行吧。
0,鸡肉有点腥
0,11点半定的餐，13点10分才送到，打电话催单，答复是配送员不熟悉道儿，吃的整个是冷餐，不知道留电话是干什么用的，配送员还把收的钱放在我的餐袋里，与餐巾纸放在一起，可见卫生意识太差了。
0,"什么米饭,太夹生了吧,再也不点了"
0,梅菜一般，肉还行。配菜凉拌黄瓜还行～
1,肉好多，实在，送餐没法进北医校门
0,送餐速度极慢，完全忽略备注。还好饭菜不错。
0,买过这么多外卖第一次让我去楼下取的！还显得特别理所应当！一颗星给你都多！！！
0,汤都洒得差不多了，泡菜汤实在不咋滴，被当家的一顿骂
0,"因为你们说的没看见,整整150分钟,干的漂亮,叫我以后还怎么点你们家的东西？"
0,送的挺快，不过为什么没有以前好吃了呢
1,送餐小哥速度很快，态度很好
0,口味一般。。。。
0,"无语O__O""…问苍天"
1,越来越慢了呢
1,很好吃啊！！！
0,没吃过这么难吃的水煮牛肉，刚送来吃一口就扔了。有股膻味
0,太特么难吃了，豆干里的俺村蛋都硬的
0,不是一般的慢呵呵呵呵无语了
0,注明了不要辣，可还是辣的
0,"送餐速度不是一般的慢,快两个小时才送来,宫保鸡丁饭米饭上面竟然还有咖喱"
0,辣死了，吃完整个人都不好了。。。
0,一点也不好，说了不要辣的还是给放辣椒了！
0,从点餐到送餐用了两个小时，给一星都多余。这还叫送餐么？？
0,菜挺好，就是送得速度太慢，面坨了，菜凉了，全家饿得去煮面条。
1,态度好，菜味佳
0,等了五十分钟，受不了的龟速
1,每种口味都喜欢
1,师傅服务好送货快，性价比超高
0,送餐太慢了！！！
0,小炒肉做的太差劲了！什么啊垃圾！这家菜没法吃全是芹菜太难吃了！大家不要再这家定了！米饭软
1,送餐小哥服务很好，大虾也很好吃
0,点的抹茶星冰乐，系统自动变成别的。客服沟通无效，自己出现bug居然无法更改
0,肉，豆腐，蔬菜都不新鲜、味道差极，关门少骗人吧
1,凉面味道确实不错，豆浆好喝。速度快。
1,很有创意的煎饼
1,还不错⊙▽⊙
0,糖醋里脊做成了番茄里脊，呵呵
0,送餐慢不说，汤凉了还怎么喝，送到汤都洒了一半，就是不能上图，要不让他们看看！
0,太难吃了，没味道，肉都没熟，速度还慢的要死。
1,菜品很不错，没有油腻感
0,饭菜味道不错，就是不能网上支付，只好退货，囧。
1,速度很快，下雨天师傅辛苦，味道很不错
0,你们加的香嫩牛肉小份的和大份的没有多少区别啊？大份50元才那么点！你们坑爹吗！
1,今天很冷，送来的pizza还是热的！谢谢送餐的大哥
0,土豆都是生的好吗，老板！或者你们用的土豆太水了，吃起来跟生的一样。选淀粉含量高的土豆增加不了多少成本。或者你们挑菜的时候太不认真了。
0,米线里没有放牛肉
0,越来越小了，性价比不高，而且少送饮料，包装也开始糊弄了，不会在吃了
0,"还行把,就是饮料到的时候给挤坏了，都撒了。没喝几口"
1,"快递员很好,又快又负责"
1,服务态度好，速度快，值得表扬
0,配料太多，味道一般
0,差，送餐很快，味道太难吃了
0,"换过两次套餐,都是17换16,前后2次,2块钱,都没退"
0,登了100多分钟，送餐用了2个小时
0,十点多就点菜也然并卵，十二点多才送到。好久没吃了印象中很软烂进味的手撕鸡干硬而且味道一般，因为时间久了还有点凉。可能是顾客多了不管是菜品质量还是送餐速度都下降了很多，残念，可能很久都不会再想吃了。
0,怎么这么难吃，也没个生产日期，都不知道是不是当天的
0,味道还行，就是配送太慢
1,花卷太好吃，每次都买很多。如果再增加一些粗粮就更好了。
0,我还以为是小块排骨，没想到都是肉末，看着就没胃口了。这是我对小渝府唯一一道不满意的菜！
0,照了照片发现没地方发，没发也好，太惨了，就不多说了，也没的说真是够了。
0,"送货时间比预计的40分钟晚了20分钟,1.3公里的路程,从下单到收到,共计一小时,咖啡也洒出来了,不知道该说什么,很想给差评！果断卸载百度外卖！"
1,这次很快，不错，赞了！
0,你们店赶紧关门整顿吧！有1公分长的蟑螂，真是对你们店无语！要不传照片上去看看！
1,"帅,够快,对我胃口"
0,太差了，尤其是送餐员态度！不会在来了，全各位慎重，态度也就不说了，里面的粥都撒了，我就呵呵了
0,送的很慢送来的时候凉了
1,确实很快，食物也不错，比吉野家便宜。好好好。
1,"很快很快,但是南瓜羹很难喝"
0,我点了加的东西？肥牛？里脊什么的，2块钱就一片？好吧，这也没啥，好歹你筷子得给我吧？
0,s送餐太慢
0,味道真的很一般
0,口味可以，量不大。鸡块一般
0,比别人先定的还比别人后到是什么原因
0,百度骑士很快，从取餐到送达15分钟，商家忘了配送鸭饼，派自己人送，从第一个电话到送达用时一小时二十分钟，期间通话五六次，送达时鸭饼已冰凉，鸭子当然也凉，很失败的晚餐，商家管理有待加强。
1,很好吃，方便
1,包装很好，味道也还可以，就是名字太俗
1,非常好吃，味道也很香，推荐！
0,送的饮料没有，说是下次补送，呵呵，谁知道你送不送
0,"一般般吧,好多肥肉的赶脚"
1,非常好，现在每天都喝，下午一杯柠檬绿茶提神醒脑
0,"点了宽粉,但是没放,点的饭里面没有米饭,另外加了六块"
0,速度不是一般的慢
0,送的太慢了，饭菜都凉了
0,菜很难吃！非常难吃，而且还特别咸，我是北方人都吃不下，以后不会再来了。唯一欣慰就是配送小哥还不错，态度很好。
1,味道还是可以哒，肘子好香，青椒的量也恰到好处。就是送餐太慢了，两个多小时才到。第一次来时我正在上课没有取到，送餐的叔叔下课后又来了，还给我换了热的肘子卷，态度好评。
1,送餐超级慢啊，味道很好
0,好小啊，味道也不是我喜欢的。
1,卷饼看着很小但是很占肚子很好吃
0,鸡肉卷饼挺好吃，肘子肉的不好吃，没有肘子就是小炖肉加青椒。木耳不太好吃，味道怪怪的。
1,不错，很好！！！
0,饭菜很可口，就是大拌菜很难吃，第一次送来时，大拌菜你什么都没有，然后送餐的又给送了一次调料，拌好以后特别难吃，调料里酱油太多了，根本没法吃。
1,很好吃，谢谢
1,菜味道不错哦！快递小哥也超赞，送货速度超快，态度超好，菜送过来时热腾腾的！
1,送餐速度超快，人长得也帅，很棒的服务！感谢让我这么晚还能吃上热的饭菜。
0,真的很慢。。。
0,凉皮没放盐，一点味道都没有，不满意的一次外卖
1,很酷的宇宙卷饼，包装高级，分量足
0,鸡块里一半是鸡脖子……
0,晚到15分钟，还少送了一个鸡腿。差！
1,早餐首选，快递小哥准时
0,还未送达，而且已经超时
1,好吃挺快的
1,粥特别实惠，还有卷饼
0,送的这么慢还请假啥。
1,送的有点晚，挺好吃
0,速度够慢的
1,好吃，肉很多，连续两天都吃这个
1,买少了。没吃够。下次多要点。送过来薄脆还是脆的
0,送餐太慢，没有给我打5折
0,"小两个小时送到,而且真的很难吃"
0,"特别油不好吃,基本没有牛肉,有几条肉丝,不超过3"
0,差评，真的不是想吐槽。我也是个差不多就行的人，不过这个也差太多了。订单100多分钟才送到，期间多次打电话催促回应也只是催单，这也就算了，说好的不要葱花香菜等100分钟送来的还是带的，而且送来以后煎饼都软了。我平时差不多的都是给满分，但今天这种情况真是得吐槽一下了。
0,现场吃的时候凉菜不写收费，等你拿了，告诉你收费！为什么不明码标价！
0,哥们，订好几次啦！越给越少，就一层底，店里面给的多，外卖为什么就量少？不公平，一样花钱...百度和店家沟通一下吧.太少了，塞牙缝....
1,非常快，态度好。
1,今天还是很快的。。。。
0,等了好久好久。。。。
1,"挺快的,为啥没有南瓜饼卖啊"
0,第一次见服务态度这么差的，点了一份套餐和一根烤肠，烤肠居然直接就没有送过来，送到的时候饭菜都凉了，也是我吃过的最难吃的梅菜扣肉，再也不订他家的了！！！
0,配送太太太慢了
0,适饭量小的
1,没我想象的大，只有一个卷好了的，差点不够吃！
1,送餐很快！服务不错！
0,送餐很快，点的意大利面，比较硬，味道一般。
0,这次有点小失望，奶茶弄到杯子外面了，希望下次注意！披萨还是热乎的！
1,谢谢百度骑士辛苦的送餐
0,青椒好生…送餐好慢…
0,今天外卖的速度真是大失所望！
0,差评差评，时间太长，时间将近2个小时
0,高峰期点菜，质量就差点。
1,红油抄手不错
0,自作孽不可活，说了以后再也不定这家，我就是手欠！
0,关东煮没有了，打来电话换了藕盒，很一般，怀疑藕盒不是和合谷家的
1,还不错的，很快。
1,量有点小，肉也不怎么好吃，主要是酱好
0,不如实体店的好吃
0,此次肉相对以前很少
0,菜的味道略怪，总觉得不新鲜
0,丸子特别多、几乎都是
0,吉吉熊从来都不看备注的，从来不给勺子，说了一万次要勺子一次都不给的，还让我凑合。一次不给勺子我凑合就算了，这已经是我第三次订餐写了要勺子不给勺子了！我的订单记录每次都写了要勺子从来都不看这是最后一次了，下次再不给勺我退订！我是忍不了了，谁爱忍谁忍去。
0,还可以不用优惠卷太贵了
0,口感真心一般，下次不买了
1,好吃！终于让我吃上了！
0,不到800米的距离，取餐到送到居然用了1个小时，面都坨成一坨了
0,点的茴香猪肉送成了白菜猪肉的
1,好吃，下次还会在吃的
1,配送师傅好和善！辛苦啦！
1,非常满意，感谢送货员和商家！
0,土豆都没熟！牛肉做的太老了～
1,凉面有些油
0,太差了，就不能在百度外卖定，一点信誉都没有，
0,奶盖红茶送成柠檬红茶，给你们打电话后说要给我回话然后等到现在也没有
0,居然没给我南瓜粥！居然我昨天忙工作，忘记自己点了南瓜粥！还我的6块钱！只给我拿了卷饼！
0,拌饭酱放的太多。难吃。建议这个酱可以做出小包装，客人自己加放。
0,我现在修改一下。就在下午6点8分，我接到了小鱼府客服的电话，她通知我因为今天已经下过一次单了，所以无法再次享受减免活动。在我做出取消订单的决定之后，她说了一句，好，那你今天别吃饭了。我几乎很少给差评。但是这件事不好意思，接下来我要向百度投诉。请小鱼府注意查收
1,"速度很快,味道很好,很赞"
0,送到速度慢，菜一般
1,送达晚了些，但是送了一瓶饮料，心情舒缓了些，好评
0,可能是因为远，汤都在盒子外面，鸡肉饭的味道一般
1,卷饼好大，味道还不错，吃着有点撑
1,菜肉馄饨和汤分别包装，这一点很赞！
1,"味道不错,配送速度比预计快"
0,小炒肉整成回锅肉~~~~~、
0,送过来我一看傻眼了，太次了，下次不要这家的了，整个糊弄人呢。
1,味道不错，口味偏甜
0,这次的凉了，很难吃，短期内不会再点
1,最爱阿田，很好吃！送的也很快！
1,口味还可以，肥牛入味还行
0,等待时间太长了，快70分钟，自己过去吃都回来了
1,本次订餐很愉快！
0,送餐晚了半个小时，也没报价。东西都洒了。
1,非常贴心，送餐四十分钟，小哥沟通四秒钟，飞一样的小哥。说还有好多没送。下次再定。
1,大热天的，谢谢配送小哥了
1,速度超快。服务好，超预期。
0,饿晕了，一小时四十分钟，这得屎嘛精神才能吃上这顿饭呀！！！！！
0,外卖员把汤全洒了，菜还是凉的！绝对差评
0,京酱肉丝咸的不能再咸
1,还不错，送的很及时，煎饼不错，豆腐脑能加个醋包，辣椒神马的就完美了
1,里面有蘑菇。总体不错啦
0,吃了拉肚子
1,还可以，家常味道。下饭
0,这次的不好吃，等了一个多小时，送货太忙慢！
1,送货的小哥服务超好的
0,"皮厚,菜少粥不满"
0,干啥玩意吃的！餐厅都找不到还出来送！都没取餐还显示取餐了！菜品一般
0,为什么没有辣椒
0,144分钟，足足两个多小时。木有筷子。不会再定。
1,送餐快递很给力，饭菜都热着呢，鲜肉小笼包和红烧肉都不错
0,点的卤肉饭和牛肉丸，都很好吃，可是没有勺子，我让开发票了，也没有给开发票，而且我是17:15下单，17:16商家确认订单，直到19:02还未送到，我电话查询后，告知说漏单了，我只是实话实说一下，没别的意思，在中关村这家吉吉熊订餐十多次了，这次是等最久的一次，但是可以被原谅，谁都有失误的时候。希望店家以后注意下，我以后还是会在你家订餐的，因为饭很好吃。
0,压根没送到，也是醉了，说好的饭呢
0,整整100分钟才送到。。。
1,感觉是秒到啊
1,南瓜粥一般，没有南瓜的香甜味道！
0,忘了配送卤蛋！
0,跟上次的不一样了
0,一个多小时送到！打开之后发现饭都是凉的！！！差到家了！
1,这个小炒肉不好吃，我吃过的他家最难吃的菜之一
1,"一般一般,面不是手工削的。不筋道"
0,"慢的可以,服务态度极差"
0,史上最难吃的卷饼啊！！！包装精美，但是卷饼本身做的太差了，口感、味道、馅料都不行的说。。
0,"一个半小时才到,太慢了"
0,第一，这个系统怎么回事？明明12:50才送到，下方黄字系统写的11:52到达。第二，这次包装很不妥，饮料把菜盒压扁，菜汤粘了饮料半罐，送的餐巾纸是用来擦这菜汤的吗？第三，米饭很一般。
0,从来没有评论过，实在忍不住，配送员那个脾气之差啊，让人感觉自己简直就是欠他巨款。点这么多外卖从来没遇见找不到地方的配送员，这位大哥找不到地方打电话问也就罢了，关键是整个人牛逼哄哄，一会儿嫌我说话快，一会儿又嫌我没说清楚。最后到了也是脾气巨差，一脸不耐烦。大热天的确实辛苦，但是正是因为大热天所以懒得出去才叫外卖啊，真不知道该怎么来抚慰这种配送员的心情，臭脸和语气堪比驾校教练。点餐的人受了这些气，饭菜怎么样还重要嘛。
0,韭菜的很好吃，其他的一般
0,"希望可以一对一配送,中间不要再配送了！送来的不是星冰乐！就是一杯抹茶水！！！"
0,虽然送晚了，但是商家的太度还是可以的
0,味道一般也就那样
0,送餐员服务到位！
0,最低两颗星，以后不会再点。
0,压根没送到，快递员为了降低送达时间，先点了送达。
1,"还行吧,，味道个人不是很喜欢，一般般吧"
0,为什么这次叫餐90分钟还没送到
1,送餐很快，而且百度的减8元很给力
0,"等了1个半小时左右才送到,五花肉味道一般,配菜是青辣椒"
0,炒饭很油腻。配送非常慢。
0,卷饼的菜和图片上差别太大了…半点黄瓜丝也没有，青椒丝就一根，剩下基本是土豆。淡而无味。再也不买了。
0,"真服了,送到冰凉不说饼都泡烂了,天天订餐第一次差评,还能再慢点吗"
1,非常的正宗，就是羊杂汤太咸啦
1,很好吃，很卫生，很满意！！！！！！！
0,点的星冰乐，来了变成星水乐了，在差几分钟超时赔付时才送到，这次真的太慢了
1,薯条很大很好吃！送餐快！
0,"说实话不怎么样啊,根本不够吃,还那么贵"
1,再送小哥超帅！！！！
0,我也是佩服的，米饭就一点点，价格还比别家贵，真是够了
0,不是特别好吃，全是肥肉
1,送餐不是一般的快，简直神速
0,11点订的，13到的。袋子还是湿的，不知道谁的饮料洒了。
0,红烧牛肉肉不多。都是青笋
0,送餐师傅也不容易可以体谅，不过这咖啡撒的也是可以的，白色的星巴克纸杯几乎都撒成咖啡色了，其他师傅送也没有出现这么严重的撒漏，只能是希望师傅以后路上小心一些，毕竟买的就是质量
1,还可以！非得写十个字吗？操蛋
0,完全送错，没有一个菜是一样的，我也真是服了。送餐员在还没有送到的情况下就确认完成，这都是怎么找的人啊
0,点了肘子拌饭和一份南瓜粥，送来时没有南瓜粥，打电话说给送过来，这都晚上了，还是没影，不给了就明说，不就6块钱吗
0,晚到一小时
1,味道很好！速度也够快！
0,说了不放辣，还是辣的
0,菜给的不多
0,能不能长点心啊我都写备注说请注意发票！！！！还是没给我开！！！！！！！！！！麻烦能看下你们的发票选项么，还有顾客留言备注么！！！！！！！！！！！！！！！！！！！
0,快递员不认识路，取餐后一个小时才送来
1,好吃，速度也很快！分量刚好
0,味道跟店里吃的完全不是一个样啊，送餐太慢，汤也凉了
0,"等了一个半小时,菜都是凉的！"
0,"我的粥怎么没送过来。,赠送的饮料也没有。没有就不要写在订单了！玩呢？"
0,服务态度实在是受不起，十点二十点的餐，一点整送到，点的河粉都成一坨了！而且第一次打电话给商家，世纪就隔了一条马路的距离，店家居然告诉说你们那么远？！然后名正言顺的在点完餐2个半小时才到。更搞笑的是后来多次打电话居然根本全部打不通，你tn是屏蔽我了是吗！由于送餐的绝对及时，是在临上课前两分钟到的，于是，我们很愉快的中午定了份晚上的外卖！！要不是评等级最低给一星，我真是一个星都不想给！中午简直是气饱的。
0,好慢...吃得还不错
0,"一会给送,一会不给送,脑子有病？"
0,金枪鱼送来都变形了！
0,"两个小时才送到,送餐态度还特别差"
0,店方不看菜单要求
1,外送员非常迅速呀，态度也好，菜也好吃，好评！
0,"豆腐脑都成果冻了,没吃全扔了"
1,配送很快！点赞，凑够十个字
0,2点才送来！！
1,速度还可以，味道好
0,无敌慢！！！！！！！昨天2小时，今天依旧2个半小时都，居然还没送到
1,"味道一如既往的好,就是粥碗变小了,米也少了说好11:15送达,结果12:30左右才收到"
0,差评！！！！！一个多小时餐都送不到
0,稍微有点儿腻，要是再多些菜就好了，不过总体还是很好吃的。
0,两串红柳，三串肉筋加起来就那么一丁点…呵呵了就…烤串外卖就只能看店家良心了…
1,"给男朋友订的,份量超足,味道超棒"
0,量够，味道还行，包装不错
0,饼有点硬，个人口味吧，我不喜欢
0,根本就没收到，为什么显示已派送订货单完成？？？人呢？？
0,滑鸡你妹啊，骨头比肉都多，还以为自己在吃牛蛙呢，你丫见过真正的北菇滑鸡饭吗
0,差！！迟到一个多小时！！！！！！无力吐槽，减13了服务就跟不上了，搞活动干嘛？！！
0,"送的太慢了,下次不点了"
1,速度挺快的。包子挺好吃，凉菜量太少！
0,等了137分钟，也不知道是不是想让我吃晚饭，公司同事都在工作，就我在吃饭，老板看我的眼神都那样……
0,不到11点下单，一点半才送到，如果你想饿死，就定这家吧
0,这个煎饼也是醉了。。。
0,等了整整两个半小时。。
0,你们家的卷饼是从冰箱里拿出来的么？一个月了没有一次是他妈热乎的
0,太慢了，打电话催单手机还关机，两个小时才送来
1,分量足，好吃！
0,菜量也太少了，不到店里的一半。付了一样的钱，还花了配送费，凭什么呢？
1,送餐非常快，味道也很好吃，薏米水有味道不甜不淡，夏天多喝除湿，正好～
1,今天送的还挺快，就是让下楼拿不太爽
0,第二次点，送餐员晚了15分钟，菜量大，味道还好，只是这次青花土豆丝里吃出个钢丝球丝，很郁闷。
0,送来全洒了
0,非常难吃啊，非常难吃，特别难吃！
1,"挺好味道比较淡,还好给了盒榨菜,还不错"
1,很好！份量很足，香干回锅肉里的萝卜干很好吃，每份饭还送了咖啡，谢谢！
0,配送小哥辛苦了，之所以差评，是因为饭里居然有头发！！！受不了！！！
0,很难吃。还不如肉夹馍
1,非常好，越来越好
0,买来跟小孩一起吃，结果都拉肚子了，包装这么好，卫生差管什么用！！！如果小孩有问题，我一定找你们算账
0,"真他妈的慢,我等了两个小时,打客服电话也没人接"
1,比预计时间送的还早十分钟，态度很好，点赞！
0,怎么一用支付宝有优惠就不成功啊？什么意思？有本事别弄优惠这项啊！
0,迟到半小时，没有电话。取消订单强行送来
0,"粥有一股蒜味,至于送餐的百度外卖，你们真的太差劲了。"
0,饭菜送到凉了！不满意！
0,一个字：咸，两个字：很咸，三个字：超级咸。。咸的大排我只吃了一口就吐掉了，，不敢吃了，我在想：厨师是一整包盐放进那一块大排里的？？
1,中盘鸡好大份两个人吃了两顿才吃完。味道非常好
1,不错啊好吃
0,"等了一个半小时餐都没送来,取消订订单打了好几遍客服都没人管最后自动完成"
0,少给我个爽口菜。打电话一直占线。今天给你扣5元，爽口菜钱
0,12点半收到
0,整整一个小时，快递员都在赶往餐厅。
0,"菜品不错,就是速度较慢,等了超过一个小时"
1,"很好吃,棒,就是有点肥肉"
0,"猴子面包就给那么点奶油,无语了"
1,v吃着还不错
0,"超级无敌慢,等了整整三个小时"
0,还行吧，我联系菜品多几种
0,我要可乐不加冰！！！为什么送来的可乐还是加冰了！送了一个小时才到，这么热的天，冰也该化了，可是一拿起来还有声音，难道加了半桶冰！
0,没有送筷子，让我手抓啊？
0,用的油真心不行
0,送餐非常慢，一个多小时，距离只是马路对面而已！而且有两分套餐还是冷的！
0,送餐非常非常慢，距离不算远，要1个半小时才送到，1个半小时午休都快过完了，店家态度也很恶劣，打电话说给查查，然后就没信了，送餐小弟的态度是中午就慢，尼玛一个半小时能用慢来形容吗！套餐也非常不值，就是单点的价加一起，而且送的未必是喜欢吃的，到了都凉了，希望其他人不要再上这个骗子餐厅的当了！！！！大中午的等这么久，吃着都凉了的饭，非常非常难吃，简直可以用恶心来形容的经历！
0,饼都泡的都裂开馅儿全部出来了，两个半小时才送到，
0,小炒肉还可以，担担面太失败了，又油又辣面也化了，果仁菠菜的花生好吃，菠菜都不新鲜了，不知道是不是被醋泡的。速度一般吧。
1,弹珠和芋圆小丸子很好吃
0,说好的石锅拌饭呢，差评
0,时间很长，送来都是凉的。希望大家以后别在这家买了，百度外卖，我感觉这次是最差的。
0,太少了，贵又吃不饱
0,饼还好，就是送餐速度太慢了～
1,配送速度非常快！好评！
1,很好！外卖小哥很给力！！！
0,真没有品味多的好吃。
1,还不错！这次点的是饭，没有立减的话，那就不值二十元这个价！
1,送达时间是下午一点
0,食物还好，送餐太慢了，而且还给送错了。
0,第一天11:20下的订单，催了好几遍还是1点多才送来，一共订了3样东西，只送了2样。说得特别好说第二天天再送份原样的订单，12点前一定送到，11点多特意打电话问说是送出来了，还是快1点才到，以后不会再订了。
0,竟然不给餐具！
0,送了一个多小时
0,肉夹馍95%的是肥肉，杭椒皮蛋。。。我吃不了，蛋黄有点恶心。。。凉皮没放盐，盐涨价了吗？？？？
1,很好吃！干煸豆角非常推荐！牛肉烧卖也是棒棒哒
1,很满意。味道好好，量还足。送餐好快，谢谢百度外卖的送餐师傅。
1,师傅很辛苦啊，找了一个小时才找到地儿，结果已经到下午了，吃不了了。辛苦师傅了
0,承诺半小时送到的餐，从11:38等到了12:18，送餐的师傅还说，承诺归承诺，可不是一定能做到，呵呵。
1,已经点了几次了，菜的味道超级正，油也很干净~非常好
0,"大酱汤和辣白菜五花肉饭蒜味真的太重了,吃着快吐了,少放点吧！桔梗特难吃。。"
0,还算不错吧，一般般
0,少送一个煎饼，客服电话打半天没人接，送餐的说开发票的不在回去给送回来，回去就不回来了，这么贵的煎饼这样烂的服务，好吗？？
0,面太硬，没有熟
1,不错，好吃，两个人没吃完，还会光顾！
0,送错饮料了
1,猪蹄再烂些就完美了，手套很贴心
0,一个多小时送到，汉堡还送错了。不想追究
0,配送满分，问题出在牛肉石锅里牛肉比咸菜还咸，太饿了为了吃这肉居然吃了2份白饭，搞这么咸是操作失误还是掩盖什么？下次不会点了
0,就是米饭少
1,凉拌山竹笋特别好吃。
0,炒米条撒了一口袋，这是干什么呢？超时前2分钟到了，气人玩呢是么？傻逼玩意
0,"扬州炒饭没第一次点的好吃,好像没放盐,小馒头很干也没给奶油"
1,"很好吃,送餐速度也还不错,还送了一个王老吉饮料"
1,"很好,很快,好吃"
1,味道好！减去13元超值！感谢送货员，辛苦了，态度好，敬业！
0,"煎饼刚开始吃还可以,后来越来越辣,还没有鸡柳的,哎,100多分钟等待"
1,"很快,菜分量足,超赞"
1,习惯好评，但今天的卷饼菜太少了，皮感觉有点厚了
0,虽然送餐很快，可是焖面吃了一口就吃出一只虫子，带翅膀的有蜻蜓那么大。。。
0,"12点下单,13点20才收到,耽误了电影开场不说,咖啡直接洒成小杯的了"
1,速度慢，都是食物真的很棒
0,太难吃了，真难吃，可难吃了，不足十个字，够了吗？
0,外卖等了两个半小时才送到，给客服打电话让商家回电也不回，最后外卖小哥说电动自行车爆胎了，不如说实话，忘了就忘了呗，卷饼还是好吃的，希望以后不要忘单了。
1,"味道不错,速度也很快"
0,梅干菜扣肉和豆腐丝小菜都特别的咸特别的咸，齁咸，建议少放点盐，梅干菜扣肉如果能带出点甜味也许会中和下齁咸的感觉。相较而言，米饭做的不错，就是量太大，满满一盒饭可以搭配三份菜了。
0,您的餐送错了大哥，我的汉堡不对
1,快递很快就是鸡腿凉了。薯条不错
1,好吃，干净，包装绝对一流，好，，还便宜，。
0,真怀疑是不是给我送错了，没吃过这么恶心的饭……除了荷包蛋和米饭，真的难以下口！！
1,小牛肉比萨味道很浓！沙拉量很大！送餐快！
1,送餐慢了点，餐还可以
1,送的超级快~~~京酱肉丝卷好好吃
0,过了一个钟头，还是没送到
0,沙拉总是不给沙拉酱。。。好几次了！！！餐具里也没有勺子。。。。
0,米线有点软
1,感觉非常棒，虽然有一点凉了，不过味道很棒！
0,请卖家看备注啊…已经第二次给我做岔了。多等一个小时会饿死人。
1,很好吃，送餐大姐人很好，特别准时
0,备注里要的辣椒油根本被无视了
1,粥有些腥，饼有点腻
0,我要的是鳕鱼的套餐，可是给我发错了，很不喜欢吃！
0,丸子汤非常非常小一碗，炒米条也非常非常少，量也太打折扣了
0,"菜量少,没肉！就是酱拌饭！20块钱坑爹的！"
0,米线汤都洒外面了
1,"大冷天还按时送到,非常感谢，味道不错，多加了一份芝士味道很赞，就是里面的香肠如果再换换就好了"
1,"骑士辛苦了,不是我吃的不知道"
0,菜品质量啊不错，但是送餐速度也太慢了。
0,饼特别硬，肉特别干一点味道都没有
0,"首选是得吐槽一下这家的速度,一个半小时起,然后卷饼包装很不错,酱香鸡肉的比较赞,飘香肘子一般般,只是店家,我强调那么半天一点辣都不要,素卷里还是辣的,先吃了一口觉得你家酱汁太稀,味道淡,然后就直接吃到了红红的辣椒,我刚手术完几天不能吃辣啊,今天注定又是难熬的一天"
0,味道一般，太腻
0,有点凉了，不好吃，没什么味道。不是很满意。
0,送餐员送餐很快。不过米线里面竟然吃出胶带条，我也真是醉了，店家对消费者也太不负责任了
1,味道不错，速度快，大雪天的，超级棒
0,1点下单，3点送到，百度外卖改名叫饿死了得了，客服态度恶劣
0,根本就没给我送到，让我等一下午。
1,总体来说，不错，最起码价格便宜，花了四块钱，吃了一个肘子肉卷饼
1,不错，挺好吃的下回再定
0,两个小时才送到，无语了，又很难吃，貌似都没放酱，再也不会定了
0,晚了45分钟才送到。。。不过好吃是没挑的
0,没有以前好吃了，只剩干净卫生
0,太慢了，路程距离应该只需要5分钟就能到，但是用了这么久，饭菜都凉了
0,实在是太慢了，等了三个小时多！！订的比我晚的都先到了，真不知道商家是不是知道按顺序抓紧时间送餐！可能时间过长卷饼的饼已经糟烂了，和锡箔纸黏在一起都分不开。。特别失望！
1,芝士薯蓉烤过火了
0,送餐那么慢，为什么每种食物味道都怪怪的，冰豆浆是馊的吗？难喝极了
0,真的很难吃，其它不愿吐槽了
1,味道和送餐没得说，不过本来29减价现在边30了。唉
0,"送到菜和饭都凉了,哎"
0,等了136分钟，催了无数次，要不是脚崴了走不了路我早就不要了。
0,"全撒了,超时,里面吃出蟑螂,怎么解决"
1,帮女朋友订的，味道很好。
0,不好吃。羊肉泡馍。肉夹馍还挺好吃的
0,就是太慢，131分钟送达
0,送餐服务特别差！骗人！明明保安让进大门，就因为懒得进来，所以骗人说不让进！无论东西好吃与否，就看在这个送外卖的人，以后也不会买了，也不会推荐朋友买！什么服务啊！！！太差！！！
0,等了140分钟才到…卷饼也不知是凉了还是别的原因，味道很差
0,上次欠我的饮料还没有补给我，你们不看留言的吗
0,"完全化了,奶油烂糟糟的"
0,订单在十一点就应该到的，现在都12点了还没有送到，我刚还不小心点错了，把订单确认了，还没有催单的电话，请问我的餐到哪了？
1,相当好！送餐快，一大盒子超好吃！
0,全他妈辣椒，真坑，大家不要定
0,垃圾，等了两个小时才送到，都饿死了。再也不买了，垃圾
0,慢的要死，等了一个半小时才到
1,特别好的外卖小哥，卷饼很好吃，粥也好喝，真心推荐！
1,送餐员态度点32个赞
1,好喝好喝，超级喜欢这家的饮料，小哥送餐也很快
1,送的有点慢…酱香卷还是很好吃的
0,五花肉泡菜饭里有两片肉，剩下都是泡菜，。。。呵呵，再见。。第一次也是最后一次订这家
1,这家店的菜吃不腻啊！
1,速度超级快！百度外卖超好用！
1,还是挺快的，四十分钟吧
0,汉堡里吃出个塑料条的透明带，不知道什么东西，只想说做的时候肯定没好好弄
1,送餐小哥服务很好！
1,太贵了，八个饺子大小的包子，几口就没了。
0,太慢了……等了127分钟
0,少送个可乐
0,味道不错，就是送餐速度慢到了无法接受的地步
0,"给我送的饮料洒了,很多,袋子也湿了很多"
1,好吃，不过送餐师傅的方向感要加强
0,送的太慢，送餐员态度不好。
1,辣！很辣！很过瘾的辣！
1,配送员配送很快，粥好吃。
0,面也太少了，才半盒，我就没吃饱
0,订的两份米饭都是半盒，打开还以为是吃过的了，装一起也就一盒的量，上次订的菜还挺好的，用的两个盒子装，这次都硬塞到一个盒子里了，打开袋子半袋子汤洒出来，盒子外面都是油，一看都没有食欲
1,骑士小哥辛苦啦！非常快
1,好喝，速度也很快，值得赞
0,"外送非常非常非常慢,110分钟,我就日了狗了,味道也一般,量也很小吃不饱一个卷饼,以后不会再订了！！！！！！！！！！！！"
0,煎饼越来越难吃了，鸡丝凉面是第一次点，绝壁是个失误啊！！！
1,快递给力，排骨饭和鸡饭全是肉，味道好，汤都拌饭了，一个女生吃不下一份。
1,菜质量很好，没有大店欺人现象
0,今天送餐迟到40多分钟，晕菜
1,送餐速度极快，师傅态度非常好，辛苦啦！菜的味道也非常棒，红豆薏米粥非常好喝
0,刚开始挺好吃，后面我发现鸡皮上还带毛，我就恶心了，真恶心了，前面吃下的啥，我就难受了，早知道就吃肉丝得了。
0,送的时间太长，东西都送错了
0,上面写的我的外卖大约会在13：06送达，现在都14：09了，锅包肉很少不说，好像人家剩下的。只有米饭还可以。再不会光顾你们家了，送餐用了101分钟真厉害，可惜不能上图。
1,好吃，送货快，配送员很好
0,小菜豆皮坏了
1,超级快！还是热的，谢谢～
0,速度很慢，东西也一般
0,"怎么一股汽油味？难吃死了,食材也太差了,浪费钱"
0,不给番茄酱，怎么吃！特意说的居然给忘了！
0,"速度慢,定的饭比我自己瞎弄得还难吃,芝士饭,完全没芝士"
0,上次到了打电话，这次送到了不打电话，害我一直等！！
0,这大牛逼鸭子做的~能再老点吗~面酱能在混事点么~鸭子没味面酱走味还开个什么啊~早日关门大吉吧~
0,特别特别慢！！
0,烤串有些走油，紫菜卷和秋葵卷有些腻，应该配点刷的酱。
1,送餐员态度很好，速度也快。菜品味道好。
0,额。。。很难吃
0,快递员不愿意送货上门，让我去楼下的某个铁门里取，请问我还付快递费干嘛
1,味道不错，送货快
1,太棒了，速度快，优惠也大！
0,等了2个多小时才送来，送来还都是凉的，差评
0,鸡翅没有给我
0,外卖不好吃，没味道
1,本来要不加葱花的，结果两份里面都有！
1,咸水鸭太少味道一般！
0,点的一品锅怎么送的猪手！
1,味道很好！送的也很快！好吃！
0,少了一个粥
0,140分钟才送到，饼也不好吃，也没有酱，干死了
0,等了几乎两个小时，和预估40分钟未免相差甚远？
1,相当好吃的香锅，分量够足，味道也没的说。
0,太黑了，涨价了，改地方了
1,味道很正，速度超快，定过好几次了
0,6块钱一份的米饭像是别人吃剩下的，不到半两重，一口吃没了。水煮花生都不知道泡了多少天，软的像花生泥，其他菜也没什么好吃的，不会再吃了。
0,第三次下单，前两次很快很新鲜！今天又慢，质量又差！好的品质要保持才好
0,一个半小时才到～太耽误事情了
0,橙子有一个直接是干的没任何水份了！香蕉里面黑了一根！
1,很好吃，以后快餐就它了
0,给送的菜都不全，我要两份给送一份，您家倒是挺省呀？
0,"份量缩小,买的猪排都没有薯条"
0,10点40点的立即，快一点才到
1,味道不错，送餐也快
1,配送费越来越贵！！！！
1,"非常好,非常快"
0,大哥。。。我要的两份黄焖鸡。怎么有个一碗辣椒的东西。。。怎么吃。。。。送准一点啊！
0,"没别的味道,都是酱油味"
0,菜品很差，这么多次了
0,挺快，就是发票到现在都没有给
0,量太大，一个菜绝对够2人吃
0,11点不到下的单，1点多才送到
0,"没给汤,饭还有点生,不好吃"
0,好久没吃了，说再吃一次，味道还是那个味道，送餐速度还是那个送餐速度，他妈的2个多小时才送到，蛋挞凉透了，面陀了，有木有，自己送的餐的服务不行，能不能花钱跟百度签个送餐协议，擦。
1,蛮好，面稍微有点硬。
0,点的酸辣粉和麻辣凉面。前者没之前的好吃，凉面过麻，客服打电话询问意见时说“因为是麻辣凉面啊”，也是醉了，显然没搞清楚还有个量的问题。偶尔吃一吃还行
1,挺好的，送的很快，包装很好，肉太多了，吃不了也是醉了
0,不给发票，差评
0,太淡了，也没有酱
0,搞不懂送的是米饭还是稀饭
0,能不能不要一份餐等3个小时，是想饿死顾客吗
1,好吃！包装好高大上的感觉~~~
1,"鸡柳这个挺实在的,就是炸的,略腻"
0,干锅千叶豆腐好吃。但是鱼香肉丝的生姜味也太重了！！！
0,送来的时候菜都凉了，在超时的临界点送来的，好好的热汤都变凉了
1,不错，吃一个就很饱
0,"太差了,冷面都糟了,饭也全是葱"
1,换口味了尝尝、不知道是不是有进步
0,烂就一个字，把老婆都气炸了！！！坚决屏蔽
0,两个半小时。。。
1,不好吃，没有其他地方店面做的好吃，鸡腿肉的酱太少了，特别干，一点都不好吃！
0,好难吃啊，鸡块的油味道好大，面坨了，很难吃，就把煎蛋吃了，其他都扔了
0,送餐的过来，米线已经撒完了，没有汤汁，哎…很失望…
0,下订单后一直不送，一小时后显示订单已完成！可是根本没有送啊。
1,很早以前就听说过宇宙卷饼，但是一直没时间吃到。不得不说宇宙卷饼包装让人眼前一亮，顿时觉得逼格提高了一个档次。土豆肉丝卷饼的吃起来比一般的摊卖的好吃一些，用了满减优惠之后很划算，总的来说挺不错的。
0,"晚到了半个小时,汤都漏出来了"
0,全是蘑菇看不见牛肉
0,送餐员启动路痴模式，即便我打了电话说清楚了，可还是在小区里十几分钟摸不到，我也是醉了，只能自己下楼取餐
1,送餐很快，很热情，很好
0,点了卤肉饭，结果来的是肥肉，超多饭，很干，不好吃，下次不要再叫了!
0,备注都不放牛肉末了，送来一看还是有肉，差评差评
1,哈哈...送货神速.....赞赞赞
1,送错肉卷了……皮蛋粥还不错
1,味道还不错，性价比较高
0,汤都撒了，怎么伴着吃啊？
1,味道还不错！
0,太慢啦，八点半下的单，说是九点半送到。十点二十才送来。服了
0,2个小时送到的，气都不想生了，自己看着办吧
1,好吃，没有想象中的大，建议点两个
0,"实在味道太差了,太不值得了"
0,给的豆皮果然多，只是肉变少了
0,漏了，漏了，漏了
0,太慢了，等了两个小时
1,味道很好，鸡肉很嫩，下次还会来
0,第一次吃到这么多姜的鱼香肉丝，不好吃，另外送达延时
0,饭不是现做的
0,"网页标明20起送，打电话来说要28才能起送，取消订单,再次下单还是被取消订单,且打电话来的服务员态度极差！！！！！！！！！！"
0,没有另一家的好吃，送的太慢了
0,"你吗,送了俩小时,太不靠谱了"
0,晚了半小时，咖啡洒了，没送奶球和糖
0,"点了海带丝没货,双拼饭超级难吃"
1,"很好,就是不喜欢可乐"
0,"鸡米花一般,炒饭还行,就是量少,减肥中的女士差不多够吃"
0,又没送餐具，非要让我们当原始人，上手抓啊？
0,"配送员差劲,态度恶劣,找不着路,还说脏话,菌菇汤要自己拿开水泡,下次不买了"
1,卖家超赞！一开始出了些差错，但卖家又送了一次，速度超快～卷儿里的肉好多～还有贴心的手套！推荐！
0,超级差，都快两个小时了没送来，我定的是晚餐吗？？电话也打不通，定他家的饭能等出胃病来！已经打客服差评了！
0,"我只能给零分,因为不能给负分,不然就是负亿万分,自己做错不愿意承担就指责别人,送错饺子不知自己反省还责怪用户,味道再好这种服务还能怎么样,懒得和你多说,就这一次,绝不再来,百度外卖,九品金饺,永不再用"
1,太好吃了，好吃哭了，太感动了。色香味俱全，爸妈很喜欢。
0,盖饭好难吃…粥还可以
0,两个小时才送到，十二点半下单，两点半才送到。味道极其难吃，饼很厚，而且很多层粘在一起，基本咬不动。饼本身基本占到了一半体积。肉有一多半是全肥的，难以下咽，几乎没有配菜。里面几乎没有酱汁，又干又恶心。吃了一半就扔了。粥又少又凉，不提也罢。这样的店，没尝试过的人真是幸运，不如买包泡面充饥！
0,11点订餐，2.30才送到，饭都不能吃了。
1,嗯，纸袋比较高大上
0,"基本上都挺難吃的,不會叫了"
0,只给一点点菜，比一份凉菜都少，根本不够，超级差评！没见过比他家给的菜再少的了！以后再也不买他家东西了！
1,订了个京酱肉丝，送来个鱼香肉丝
0,堂食差，叫不到人，外卖更差，少给一个菜不说，打电话还抵死不承认，说没收那份的钱。后来去百度投诉，眉州东坡见赖不掉了，还让人快递员赔
0,鸡肉死丁丁的，不好吃
1,准时，好吃，超级好。
0,平时每天迟到30分钟送达，今天选择11.:45，11点就送过来，是不是故意的。
1,味道还不错，但是量太小了，正餐的话根本吃不饱
1,不错，肉很多，包装也挺干净
0,"订餐一共下了3次单，,下一次店家打一次电话说没货了，要什么没什么！关键还不标注清楚了，你要没货就别上架！然后好不容易订上了，比同事早10分种下单的,一小时后,同事的送来了,吃完了,我们还没来！打电话催了2次才送到！抄手已经烂的加不起个儿了！一坨烂泥一样的！差评！！！！"
1,好好吃!!!
0,没给可乐啊
1,外卖小哥特别热情特别好！～
0,"菜都送错了,辣牛肉变成了大酱汤,小菜也错了"
0,只吃了一口就扔了，肉有一股子臭味儿，一次管够，最垃圾的一次体验！
0,"我要的蜜酱烤肠,给我送的是田园"
0,"等了2小时终于送到了。,然后订的青菜黄了，绿豆沙也撒了，汤也冷了，粉硬到拌不开。,有个超时赔付有什么用呢，能吃吗？还不是得倒掉。"
1,服务热情，送餐高效，很满意
0,"为什么,家常土豆丝,吃起来感觉一嘴沙子啊,里面放了什么东西,不对味啊。,土豆没洗吗!"
0,我一度怀疑自己订的是拌面
0,送餐时间竟然80分钟，比美团慢太多，从没这么慢的！！！！
0,"差评差评！第一，扁豆和肉没熟,吃完闹肚子,胃疼两天了,第二，必须满三十才送，可选东西又少，一个人吃饭点了套餐就必须点自己不能喝的凉茶了才能凑够！给一颗星是冲着餐盒"
1,"定位出了点问题超出了配送范围,但是快递人员还是耐心问路给送了,好评"
0,菜里吃到了清洁球！！！！！！！！
1,配送服务非常好，稻香村很好吃
1,外卖的吮指原味鸡盒，意外的不好吃，没腌透的感觉。
0,菜量比较多，态度也不错，但是菜做的实在不好吃～味道才是关键好吧
0,少送了一个肥牛啊！！
1,今天居然吃到了很热乎的！送餐也很快！
1,不错，就是送餐有些慢
1,送的超快！！
0,送货速度太慢，餐厅距离我家很近，但是却跑到更远的地方去送餐，最后才来给我送餐，时间用了一个小时二十分钟
0,最，最，最差劲的一次订餐
1,小哥很棒，态度很好，才还热着，很好!
0,很好吃！快递大叔很辛苦！
0,东西挺好的，送餐超慢超慢
1,"非常好喝,一直喜欢,布丁好吃"
0,送餐超慢，里面披萨怎么分开了？
0,"还凑合，第一次吃，从下单到吃到饼花了2小时。太慢。,饼有些凉了，而且酱料有点少。馅料也有点少。"
1,定很多次啦！菜很好吃！也很及时！
1,鸡肉卷肉很多呀，味道不错
0,速度挺快的~就是有点撒了，点的抹茶拿铁太甜了……味道一般
0,晚了半个小时，饭都凉了
0,难吃，做得慢，一点半下单还等了一个小时。根本不是在一点五十八送达，这么糊弄有意思吗
0,服务太差，菜品也实在一般
0,肉夹馍肉太少
1,"味道很好,皮薄有汤汁"
0,三小时二十分才送到，还有比我更慢的吗！求挑战
1,非常快，非常好，没啥说的
0,送过来还是很热乎的，粥里有很长一段铁丝球的铁丝，我也是醉了
1,"OK,包装很好"
0,包饺子太慢，让我等了一小时
0,好吃，太慢，建议早点下单
0,等的时间太久了！
0,菜的味道不错，但是我点的黑椒牛柳，下单后马上给我打电话说没带这货出来，很失望，原来我吃什么不是我选的什么，而是看小哥带了什么！很失望的第一次百度外卖体验，还是用我以前的老软件算了！
0,"之前吃过很多次,不知道为什么今天是生的,吃一口只能丢掉"
0,不好吃。有点甜。
0,餐到的时候有点冷了，其他方面还可以
0,口味还行，送货速度太慢了额，等了一个半小时
0,送餐太慢了！味道一般般
1,非常棒，也很快
0,菜全撒了，盒子也裂了，就是没办法放图，下次不会在从百度外卖订了，所有的app中服务最差的一个
0,"送餐速度不错,冷面有点妥了。。"
0,"你家这也叫米线？太特么难吃了，还给我清汤的，没辣椒没麻油的，真是再也不想定第二次了，难吃的一B,."
0,土豆炒腊肉成了土豆炒土豆，找了好久也没找到几片腊肉！味道倒是还可以！
0,"卷饼里面吃出红色塑胶线,！！"
0,怪难吃的。特别咸。四个字。特别难吃
1,好评，送餐的小哥送的很快
0,十一点40多时说15分钟后到，结构一直等到快一点。
0,"十一点订的,等到快一点,以后再也不定了"
0,太糟糕了，大份的薯条只装了包装的不到一半。汉堡都像是儿童餐！
1,"味道很不错,送餐人员态度也很好,很赞,以后还会来"
0,土豆肉丝卷，根本没有土豆，全是尖椒，辣死了！真差劲
1,宇宙速度，下单5分钟就到。味道好，明天继续。
1,非常快，稻香村老字号东西味道都不错
0,披萨冷了，但是味道还行
0,先不说味道怎么样，我家离餐厅就隔了一条马路，外卖送到了还没开吃，菜汤透过袋子撒了一地，送餐的小哥我也不知道经历了什么，这服务也真是醉了
0,作为老顾客的我想说，绝对变味了。那五花肉泡菜饭两片肉，还没熟，简直恶心死。咬了一口老妈直接吐了其他全扔掉。海鲜豆腐汤也变味儿了。确实有一段时间没叫你家了，变成这样简直囧。
1,"好吃又快,要是辣的能标出来就好了"
0,拌菜用的调味汁都没给，以后注意吧
0,送的挺快，就是味道一般。
0,太难吃了，直接扔掉，全是沙拉酱，甜的抄手
0,"炒饭不错,拌饭很难吃"
1,不错，经常订哈哈哈哈
1,送餐大哥送到门口态度很好～
0,"我朋友一起定了两份,因为不吃韭菜，就定一份回信鸡蛋一份白菜鸡蛋,送来后发现是一份白菜和一份韭菜,只能两个人吃一份,联系客服后商家补偿一份,但说由于重新包、重新煮、重新配送,不确定什么时候送的！！！！！！我了个去！,结果重订单到收到最后一份饺子,一个多小时,这饭吃点断断续续。。最后都没吃"
1,挺好的，味道不错，送餐挺快
0,"冲着实体店粥不错定的,谁知道商品没有是在我等了半小时才打电话让我换菜,可气的是换了菜又等了一刻钟打电话告诉我换的也没有,碰到谁估计都窝火了,后来只有我付现金的差价折半解决,这些暂且不提,最近发现用我的账号不能定出问题那一次的地址,（只要送餐地址是出事故那次的地址就就显示商户休息中……,换其他地址又OK）你们商家真有能耐啊,咋回事,黑我嘞,我定的肉饼都焦了,不知道你们定的是不同我一样,同样的转起来,百度外卖那么久,第一次恶评,太恶劣了,投诉这样的不负责的店员和商家,都不能开心滴吃饭了"
0,米线是碎的，太难吃了，吃过的最难吃米线，还38块钱
1,超级好吃，由于上一单送餐员走错路还送了个小果盘，喜欢
1,"送的有点早,但是真的很不错,招牌的果然不一般~\(≧▽≦)/~"
0,神奇的店子！大份的卷饼是普通的一倍价格，大小几乎一模一样！赚钱也不是这也赚的啊！
0,"少份瓜条,多了份饼,秩然鸭架没有送来"
1,送餐小哥够速度！满意
0,辣酱面都驼了，重点是餐盒收费还是烂的，所有汁都漏在袋子里，难吃没下次了再见
1,大号卷饼太大。如果胃口比较大。推荐吃两个中。
0,冷面不好吃呐…
0,宫保鸡丁里居然有一堆茄子，太差劲了
1,态度好，人热情，没电梯爬楼送来的。
1,因为我手机信号问题送餐员没联系上，于是我联系了店家，店家很nice帮联系了客服，之后送餐员就马上送到啦~面还是很热的~店家和送餐员赞(*￣▽￣)y
1,味道太甜了～
1,下雪天送餐小哥摔了，结果很快又重新送过来一份！
0,真的等了挺久的，也不是用餐高峰时段点的，每次反应过来的时候发现等了1个多小时！
0,太难吃了。鱼头泡饼咸死了
1,蔬菜色拉新鲜，配菜颜色不错，就是米饭不太好吃
1,"又一次来,不错的说"
0,酱炒蛋特别油，很难吃。压过排骨油豆角里面排骨和豆角很少，土豆最多。
0,此次送餐时间还算迅捷，可惜原来的20-13活动咋不继续了呢？
1,豆瓣酱太多了吧，好咸
0,饭很难闻，有种发霉馊掉的味道。拌菜不错料包太小
0,我能说可以退餐吗？这个是饭吗？谁吃谁上当啊！？！质量太差了！！
0,特别小，女孩都不够吃。。。
0,疙瘩汤放鸡精太多了
0,烧鸡没有了，打电话换了个吊烧鸽子，简直太小一个了！
0,量很少，还可以
1,服务很好，送的很快，很有礼貌。
1,好吃，量也大，值得推荐
0,根本没吃到我点的煎饼…
1,"还挺快的～,味道也不错。赞"
0,太次了，饭里居然吃出来烟头了，恶心死了，而且饭都是凉的
0,"排骨不好吃～还都是色素～量少的可怜～58元的菜啊,只有七块排骨～一点味道没有～肉很干～坑死了！还招牌菜呢！真不怕砸了招牌！"
1,还是黄家好吃，及第不喜欢。不过还是不错
0,量挺大的，送餐也及时，就是同事说肉吃着有些不一样。。。
1,送的超级快，我收到还是滚烫的
0,这家石锅吃过最难吃的了，首先是没辣酱，然后饭其实就是蒸米饭，不是石锅做好的！！味道太差！！价格还贵！！！不建议！！
0,量好小啊。
0,"送单太慢了~~,食材还可以"
0,真烂，送的还晚
0,味道一般般，饼大，肘子肉少。
0,全撒了，撒了一身，让快递更换，也不管，要求退了，也不能退，非让我联系客服，投诉投诉。有照片
1,太好吃了！…送到也超快！！
0,"太咸了,味道可以,但真的是喉的难受呀,不推荐购买"
0,不能送进校门呵呵。。。
1,量足，味道不错，就是速度慢点
0,唉，备注写上了不要芝士、不要沙拉酱！汉堡王还特么给弄了，单子上不是写了么！看了么！？不过最后赔偿了一个，辛苦了送餐师傅再取、送一趟！师傅人很好，猛猛哒！嘻嘻
0,咖啡全洒了，袋子都坏了
0,"状元粥没什么内容,偏咸"
0,我以为红烧肉是由而不腻的那种。。结果很硬，不好吃，而且面也很咸。花了3顿的钱等了一个小时吃到觉得很失望
0,味道很好，就是送餐太慢了。
0,速度有点慢
1,"非常好,相当棒,很快，味道好好"
0,慢的要死，一点也不好吃！死贵！
0,东西挺好，有点儿辣有点儿咸。送餐速度慢哭了。。。。。。
0,两次都超时，饭菜都凉了
1,送的比较慢
1,百度外卖不错，
0,下单很早，送的慢，不过快递员也很辛苦，但是不要葱还是有葱
1,味道不错很好水煮肉很香，送餐也很快
0,东西不错百度外卖太SB
0,太难吃了。
1,包装很好，味道也不错，如果再有点菜叶就更好了，都是肉吃到最后有点腻
1,不是高峰期订餐，还是很快滴！
1,"很香,很好吃"
0,速度很慢！卷饼很难吃，还20块钱，里面全是肥肉，坑死了！
0,咋的了？送餐员啥态度？办公室门都不进扔门口桌子上了，门口没桌子你打算给我扔地上啊？假期结束你心情不好啊？我还心情不好呢，吃你们家东西多少回了，现在都这样态度了，米线碎了都
0,又他妈迟到
1,我吃出来一个钢丝球上的一个丝
0,单子打错了，少送了。
0,不好吃...
0,"送餐时间,有点长"
0,不太好，下次不会在吃了，
0,"西葫芦锅贴不错,清爽,粥类一般,黑芝麻糯米粥的黑芝麻不好吃,皮蛋瘦肉粥肉太柴"
0,味道一般，海鲜蟹肉的从来就没定成功，为什么还要在列表里面显示，没有就不要写出来，最后还要打电话说换别的口味
1,高大上，餐包装很精致，味道也不错
1,很不错的卷饼
1,"站点不错，推荐。,小pizza我一人吃一张正好"
0,"时间长,味道一般"
0,好小一个。。。
0,东西好吃，但是要等好久！好久！好久！！！！店里电话打不通，好容易打通了，要了送餐小哥电话，结果是个空号！！！！！真的无语了！！！！
0,"送的玉米发霉的！太恶心了！黄焖鸡量极小，味道一般，骨头多于肉。米饭量很大，然并卵。,要求十二点送过来，十一点半就到了，放到十二点吃已经凉了，差评！"
0,活生生的等了一个多小时，这速度也是醉了，
1,美味，送餐人员态度很不错。
1,稻香村不愧是经典，赞一下百度快递小哥，哈哈哈哈，好有喜感
0,感觉肉不是很新鲜，希望baidu也能查下质量问题。
0,"难吃,不新鲜"
0,点了5串羊肉串，量少的可怜。和在店里吃的不一样
0,"时间太长！还少了个汉堡和薯条,最后小哥去店里又取了一趟才吃到"
0,怎么还没到
0,给的越来越少了！两块排骨，两块菜花，两片胡萝卜，加上七八根茄条。
0,居然忘了给我下单，我打电话他才给我送，两个半小时
0,套餐里的可乐送到都洒了，有半杯在塑料带里，真是够了！都泡了！
1,要是快点就好了
0,5块钱藕片4片老板说分薄后来决定的，第一次听过
0,发票好几次都不给!没有也不给补
0,送餐很晚，订的是11点送，快12半才到，主要是送餐人员11点才上班，哎没办法，有点咸，不太好吃
0,"好评给百度的送餐小哥。,但是麻辣香锅实在是.....反正以后不会再点了，特别少而且还不好吃！！！！！"
1,菜量很大，味道也不错，师傅速度很快，好评～
0,不好吃，冷面很硬，饭特别少
1,好吃！速度！包装也有品质，不出家门就能吃到餐厅的味道！
0,总是很晚送到
0,居然漏单，打开一看袋子单点的四喜丸子没送，要点辣椒也没给。太生气了
1,等了一个半小时……就算下雨，我的地址距离餐馆可是直线啊！！！！中间无障碍物！！！到的时候，装餐的纸袋子都破了湿了……百度送餐员也太不靠谱了
0,"唉,送过来一份饭,都没地方放,里面的汤全撒出来了,直接扔了"
0,送餐时间有些长
0,我说了要半糖给的全糖的很甜，杯子上也没做半糖标注
0,能把人辣死，这是眉州东坡吗！
0,点的中辣，送来的次次都是微辣，服了，难道每次都会看错么？
0,速度还可以，口味可真心待提高啊
0,"小葱拌豆腐竟然是日本豆腐，难吃。,蘸酱菜里放的是生白菜！醉了"
0,"晚了一小时,要求赔偿,给我回电"
1,牛肉烧卖非常好吃，酱油炒饭还有酸辣汤也很好。份量非常足。青城也送外卖太开心了！
0,这送的无语了，提前一小时送到了，嫌饭太烫让我晾一小时吃么。土豆牛肉22不值..不会再订了
1,good！吃的好。骑士好。都很赞！
1,很喜欢酸辣汤～好喝～其他菜有机会尝试
0,"花了两个半小时送来……卷饼都凉了，真是无语,没见过更差的外卖"
1,肉有点少哦~~
1,一个多小时…还好当初也不是抱着快点到的希望定的
0,送到的时间很晚，影响了正常工作时间
0,口味不错，很快。很热
0,我是订的晚餐，送餐太晚了，都饿过了，唯一优点就是味道不错
0,突然想起来，没给我配烤肠！！都过去几天了，评价的时候才想起来，晕
1,不错不错？，服务很好，点赞
1,好吃，不过粥不好喝
0,定的是超大杯拿铁，给的却是超大杯摩卡，什么情况要求更换，到现在还没回话
0,这是我吃过的全宇宙最难吃的卷饼，没有之一，而且送餐很慢，后会无期了您呐
0,红油抄手送来的时候碗是竖着的。。。不夸张竖着的。。红油汤全在塑料袋里。。。跪了。。。
0,送餐等了快两个小时还没到，十点多定的，十二点四五十了还没拿到饭，我只有在别家又定了一份，都比你早到
0,等超时好多，也没给发票。
0,真的好难吃，唯一好的就是那个纸袋包装，卷饼皮硬，里面几乎都是辣椒和肥肉，你叫辣椒卷饼得了，辣椒还辣死人，我都说了不吃辣！那个皮蛋粥简直是我喝过的最难喝的粥，一点味道都没有，皮蛋瘦肉根本就看不见，真尼玛坑爹！再也不会买了！
1,好吃，速度也快
0,超级差，南瓜粥已变质，馊了
1,盐酥鸡太不正宗，不好吃，饭不错啊
0,一个步行5分钟就能到的店，2个小时才送到，说到学校了，40多分钟没给我联系，不清楚这家店到底怎么做生意的
0,"太特么垃圾了。送的墨迹,还全给我撒了。,我都没吃全扔了"
0,"大拌菜完全就是坑爹的,再不来这家店了,坑爹,艹"
0,越来越难吃，竟然有一大块盐在饭盒里，豆腐脑缺没放盐
1,送餐挺速度的。味道自己吃有点淡。
0,3个小时没送到，打了2次电话说会联系我就没结果了
0,"垃圾中的垃圾,可会忽悠人了,马上删除百度"
0,牛肉炒乌冬请问是细面条吗，牛肉超难嚼，差评！再也不会点了
0,什么玩意，一个多小时没送到！再也不我用了
0,青菜变豆丝了，跟图片不一样
1,吃习惯了，我们一直都点他家。就是用心做得好。
1,元旦美味！刀功细，菜入味！
0,好吃，但是少给我一个香菜干丝，后来外卖员给我退钱了！
1,快、好、方便
0,菜真的很一般，还是店里吃好些
1,口感好其他的不能比我喜欢
0,特别不好吃，年好酸
1,好吃而且包装的特别仔细，还送了手套，很贴心，超级满意
0,要的是热炒土豆丝，送的根本就是凉的，量非常少，还16元！8元都根本不值！再也不吃这家了。
1,送餐非常快，给快递小哥一个
0,希望下次不要换餐了。
1,很棒的骑士！！！！！
0,面条就几根、即使小份也不会那么少吧、出餐还那么慢
1,不错，下次还会再买的
1,卷饼很实惠，粥里没糖
0,菜汤都洒没了，弄的饭上都是乱七八糟的。菜到了也快凉透了，能不能带点保温箱之类的送餐啊？
0,送来饭都不太热了，米饭很硬。口味一般般
0,我真的没有延时评价
1,太快了，你是飞过来送餐的吧…
0,海鲜几乎没有，豆腐也少，真是汤
0,酸辣土豆丝为何放那么多生姜！
0,一个小时才送到，面坨成个疙瘩，没法吃，扔了
0,"2点啊,才吃上午饭,饿瘪了"
1,"很好吃,忘给筷子啦"
0,外卖小哥不送到指定地点，差评~
0,服务态度很差，让人等将近两小时也就算了，还少送一样，给打电话送少送了，还说让等下次点时一起送，这么差的态度谁还点下次啊。凉拌米线也很难吃，感觉糊弄的态度，简直一个差字都不足以评价了
1,好极了！送来还是热的！
1,菜品一直都很美味。百度外卖的送餐师傅们真辛苦，每次送餐还都不忘说一句:祝您用餐愉快。必须给个大大的赞啊！百度外卖会越来越好的(^_^)
0,两个多小时才送到，，咱是送不了，可以限制流量
0,等了大半年啊，告我车坏了，太难了，饼说是重新做的，还算可以，不是凉的
0,"不能再凉了,我点了不要辣，辣辣的青椒会不会太多了…哭昏"
1,快递小伙儿特别热情.很好！
1,东西不错，就是慢点
1,汤包味道尚可，可惜全都漏了。
0,送错了，订的不辣饭，结果2个菜都是辣的
0,整体感觉一般，时间比较长
0,炒饼里放了太多的蒜沫了！太多了！芝麻粥也不稠，芝麻好生硬
1,"汤包还是挺好吃的,再次订了"
1,百度骑士态度很好，一句祝福的话心里很暖！饭菜味道也不错哟！
0,我要求抹茶拿铁不加糖，为什么还是加糖！
0,鸡腿堡还行，其他几个就一般了，鳗鱼排最难吃，很腥，而且淀粉太多
0,送餐时间长达两小时。太慢了
1,送的及时，饮料很好喝哦
0,前几年去他家店里吃特别正宗。这次外卖点的酸豆角肉末和小炒牛肉居然配菜都一样！！配菜都是酸豆角和蒜苔，太难吃了，肉末酸豆角居然放蒜苔。牛肉又小又少。两个菜一个味！！望改进。
0,送错了，我还能说什么呢？
1,"不错,略干"
1,第二次吃，味道非常好。开始想买20张馅饼带回家，但是系统默认两个馅饼一个餐盒，想想要来10个餐盒有点恐惧只能作罢。请系统升级一下使包装可选。谢谢！
1,炒饭配肉，有点腻
0,"土豆丝葱姜蒜什么配料都没有,白哗哗的能发照片就好了这个厨师是不是以前干司机的,气死了"
1,包装好棒啊
1,骑着毛驴来送餐的，神一样的速度！！！！
1,一个小时送到的，很好吃，但是点了平菇怎么没给
0,餐具都没有配送，哎！
0,饺子都粘在意思了怎么吃？不能送就别送，用了整整80分钟，现和面也用不了这么久吧
1,"还不错,就是饼皮有点厚"
0,速度非常快！但菜好咸啊
1,配送很快，态度很好，五星好评
0,为什么最近我总是下完单就退款，说我优惠金额已用，明明是今天第一次下单
0,SB，告诉你不要辣椒还放，艹，爷感冒了，泥马的
0,味道一般，送餐堵车所以延迟20分钟
0,"秘制凉皮不好吃,太油,卤肉饭还行"
0,"饭好少,感觉不像一份饭"
0,您这一共一双筷子也太凑合了吧
1,第一次吃宇宙卷饼，好吃~
0,最难吃的一次。没有之一。大酱汤没味儿。是不是忘了放盐了？
1,"快递员态度好,速度也很快"
1,非常好吃……披萨味道正
0,等了将近两个小时
0,很差，时间太短了，不好吃，
0,送来的时候水洒了，汉堡变形了
1,吃着味道很不错，也很实惠的店铺
0,"一般般吧,没味道,说了多刷酱,还是那么抠"
1,速度快態度好
1,送餐小哥态度特别好！好多肉呀好吃好吃！可我以为是可以选米饭换卷饼的？还在订单里自信地备注了
1,"非常好,素拌分量刚好一人吃，奶茶略甜了些，但有普洱味道，挺好喝的。,送餐小哥很有礼貌"
0,没有肉，只有咖喱，汁也很少
1,还行，中份不算大，够一个女生吃，油太多了
1,"第二次吃了,很好,送餐也很快态度非常好"
0,送的太慢了，一个多小时才送到。还有就是粥和饼太咸了！没法喝，太咸了。
0,太慢了！！！等了好久好久
0,等的时间太长，当然，今天下雨，不过您的电话也应该畅通呀，打了那么多遍都是语音。。。害得我又点了一份～
0,麻辣豆腐里的豆腐是酸的。根本没法吃
0,楼上都懒得送直接给我取消订单也没解释也是醉了，下次不会再定了
0,送餐太差了，大酱汤全撒到袋子里了，沙拉的盒子是坏的！
0,没我想象的好吃
0,送餐很慢！送来都冷了，味道也不好，
0,东西是没有问题，就是不够斤两。
0,"无语了,就差一个套餐俩字,居然连米饭都省了,。。。也赖我没问"
0,估计是人太多了吧，很晚才送到。
0,酸辣粉真难吃，只有酸味。
1,时间1个半小时了才送到，果然去店里吃和外卖东西不太一样啊…还有新奥尔良烤翅就跟没熟似的…但是榴莲披萨味道还是不错的！
0,羊肉串不像羊肉肉质，板筋咬不动
0,红油热干面吃了拉肚子！！难受！和老家味道完全不一样啊！
0,无语了，十点下的单，要求尽快送出，下午两点多才送到。差评！
0,没有店里好吃
0,牛腩怎么会有那么多肥肉，吃起来还很腻，不太像牛肉
1,一开始以为就是普通手抓饼，拿到后觉得好高大上，牛皮纸袋，锡纸包裹，重要的是肉肉好足，100个赞啊，如果要是再快一些就完美了
1,我以为我要等到饿死。结果我又活过来了
0,有漏餐，总的不过还算可以，
1,味道不错，份量很足，建议都点小份。红薯超好吃就是太烂了容易碎
1,非常感谢！辛苦陈骑士啦！
0,饭菜都已经凉了
1,速度很快，菜品不错，米饭我吃着稍稍硬点可能个人习惯不同。
1,还可以再来
1,师傅人很好，送的超级快
1,很快。这次饭量挺足的！
0,准时送餐，不要太早，也不要太晚
1,超级快就送到了，谢谢骑士很快，感谢骑士这种天气还在工作！
0,个人感觉味道不是很好吃
1,眉州炒饭超级咸啊京酱肉丝也超级咸，没有堂食的好
1,非常快～辛苦了～很好喝
1,好吃！送的也快～
0,从头吃到尾配菜都只有大块青椒，说好的蔬菜呢…备注了不要辣椒酱还是辣得要死，感觉不会再爱了。
0,送的稍微有些慢，一个小时将近10分钟才到，已经有些凉了
0,疙瘩汤比学校食堂都差，没这么糊弄的！扁豆面，基本都扔了
0,送餐慢，13:40才送到，点的两样菜都不值得推荐
0,百度外卖太坑了，没给我带奶和糖，而且还洒啦
0,9元价格很实惠，米饭量少，吃不饱。
1,比老家的味道差点，不过还是好评！有时间去店里尝尝
0,还可以！！
0,米线都碎了！一股搜了的味道！！！怎么吃？
0,定了两份奶油蘑菇汤，收到货发现撒在袋子里一份，本想投诉的。牛肉炒饭贵，您就货真价实呗，结果配菜少，牛肉可以安粒数，全是米饭。
0,饭是馊的还卖，什么鬼
0,卷饼和粥送到都已经凉透了
0,送错咖啡了，注明豆奶拿铁没有送
0,"9点40预定,12点半到,打电话下楼了,说送错地方了！！！能不能再坑一点,服务差到极点了"
0,"卷饼两端面太厚了,盖饭米饭太软了,配送员明知道我在6层,要求我去4层取餐"
0,慢死了，等了将近俩小时
