text,label
鲁抗，医药龙头！更是火车头，飞机头！！！,1
没得救了,0
今天A股发红包了,1
调整完成，牛头开始喽,0
无量，诱多，见证完毕！,1
我们的目标是2800点,1
明天大幅高开就可以跑了,1
提前祝贺有色、煤炭、新能源今天反包大涨！抄底的吃肉,1
刚才查了一下百度，才知道上海电气是我国名副其实的的,1
厉害了我的熊A,1
本周不发新股，下周次新狂飙!,1
非常危险的四个字——“就这一次”。,0
清仓,0
看到有人发自己的收益，我也跟风一下,0
个个打回原形,0
大盘放量站稳2900点，春季吃肉行情来了吗？（20200214,1
阴跌杀伤力巨大~,1
烂得一塌糊涂,0
新大陆为什么几年不涨？难道大家看好的优质公司就这么,0
时间不多了，别装了,0
过年资金都昨天卖了，年后他们会追吗？,0
这大盘下午开盘怎么一下直线拉伸？出什么利好了吗？,0
券商回调就是买入机会，下午还会爆拉券商！,1
以后都买中字头才有前途[拜神],1
上不去就要下一个台阶,0
历害了我的……,0
月线量价惊显2倍大黑马，在5G板块，终级猎手！,1
实事求是的说，现在的A股是超级大熊市,0
又跳水了，快逃命！,0
迫不及待地卖掉手里的股，去追涨杀跌，结果，热点一天,1
美国加息了下星期,1
国内有些企业靠融资发展企业，有的股票能上涨有的不能,0
$上证指数(SH000001)$繁荣昌盛[赞][滴汗],1
我的眼里只有多头！！跌了一点点买。。,0
信静姐～吃肉肉～,1
天气真的降温了，股市也将进入寒冬。,0
我去，这么猛吗,0
0.98-11.9万，十几万倍啊，跌多少都不为过,0
“踏空”大师和他的弟子们今天坐不住了,1
这一波估计要到2600,1
为什么个股不涨，大盘咋涨起来的,0
业绩暴增券商板块能否再次诞生超级旗手，是A股重生的,1
自己玩,1
今天大盘该涨不涨。不久前好几次，该跌不跌。什么原因,0
藏格控股低开勇敢低吸,1
哈哈哈哈哈哈哈哈哈哈哈哈哈哈哈哈,1
各种概念炒作过后，就是价值的回归，坚持低位绩优股,1
第六感觉，明天大盘还得跌，没到位，我的预测是大盘必,0
不要掩耳盗铃了,0
重大利好，就看你了$中科软(SH603927)$,1
清仓 卖卖卖,0
快点到三千以下，好让我考虑买点,1
大家别上当，千万要控制住，不跌破3048别买入。,0
变天了？！,0
指数涨一点点，个股也拉稀,0
天天大涨是几个意思？,0
同花顺的问才真是奇怪，一会说没事，一会说狗急跳墙形,0
散户进场那就肯定开始调整了，现在上涨完全为了吸引散,0
一点做多的都没有，做空一大堆。,0
还没放量，还要往下打。恐慌盘打出来了就可以了,0
今天最好跌深一点，最佳到3060,1
牛！大盘牛！,1
兑现股就是金光闪闪也要兑现，丑小鸭就是再丑也要抱回,1
十个里面九个亏，还是楼市安全,0
17.21买了1万股603219富佳股份。空仓太难受[大笑][大,1
我还没上车呢,0
大盘下星期开始要持续上涨,1
关注长安汽车,1
记住了即使有一天大盘涨到5000点，挣钱的有几个，就这,0
准备下来2970吧，我等你,1
这样下去会不会直奔2000而去?,0
新牛来了么？,1
船舶板块会来一波吗？,1
叼，又想把我积分亏掉,0
炒股真好玩，小子买了上海家化及海信视像[捂脸][捂脸],1
今天的调整应该是一步到位可能大，在没有更多重大利空,0
手上有票快清仓，马上大跳水，回补缺口！,0
不能买了,0
如此,0
保卫战开始,1
3200,1
60天线还是压力，大家千万不要对走势太过乐观，因为好,1
没有要反弹的意思啊,0
A股不值得天天泡在里面，浪费时间和精力,0
看美股做参考炒a股。亏的裤头都没,0
兄弟们，守住别破呀，英雄城(南昌)一起捍卫！[国家队],1
下来太容易上去太困难,0
看到大A市场每天成交一万多亿，我们散户都有信心持股,1
中午弄明白了，这样指数和个股的波段走势就清晰了。,1
唯一不割韭菜的板块就是白酒，闭着眼睛买买买！！！,0
这成交量蛋疼！,0
今天又是20cm的天下，主板只能扑街,0
老夫一生服的股不多，中芯国际算一个！！！,1
美股好,1
我真的不敢想象周一会怎样，真后悔周五没有清仓[哭],0
多时候我们把北向资金割韭菜啊,0
快跑啊，大盘要四浪大爆杀了，月底破2800，等2600抄底,1
总结一下操作问题，就目前的趋势概念我认为谈话进展这,0
软蛋,0
2022.6.28  永远猜不到顶部——不要错过加速行情！,1
海关消息，温测仪3一4月出口1247万套，到5月16日就出,1
指数6000点有望的话，应该是个什么概念，能源金融必定,1
这才周四本周收益率40%了[大笑]服了自己,1
这是要破罐子破摔了吗？,0
绿了绿了，它绿了,0
我们在昨天的回顾里提到：“我们看到今天大盘突破了36,1
$上证指数(SH000001)$必定破3000！！无悬念,1
是哪位大神说今天11:00会绿的？你的嘴是开过光了吗？,0
总资产:266899收益率:2.5%仓位:进攻型—96%上证3565-0,1
大国牛来了，雄起,1
今天跌破3400，,0
看看就好,1
3250止跌3350反抽,1
反正爷爷清仓状态,0
2.18号大盘平开五日均线3588.49,1
看看涨停板的公司，有几个盈利的！真的有价值投资吗,0
假指数。看这个已经没啥意义了,0
不应该啊，今天怎么可能跌呢？那些卖出去的人。这个钱,0
没啥意思，大盘红了，股票基金都绿了！,0
又是折腾的节奏！难啊！做A股股民更难啊！,0
这就是昨晚激动了半夜的牛市[大笑],1
割肉盘没出来，接着砸。,0
厉害了，跟美国走势,1
1800啊,1
[cp]中晶科技启动了！拿稳，没上车的上车！90.80元到,1
周末跟一个邻居闲聊。邻居：“我现在搜东西的时候都用,1
新韭菜再敢来，跌到你怀疑人生,0
海油发展涨停目标十元,1
又是黑四,0
买入顺博合金，次新股，运势，随时有爆发。,1
坚持新股发行不动摇,1
【A股机会早知道】特斯拉4680无极耳电池组已投产相关,1
没皮没脸的垃圾市场，无耻之极,0
两市勉强再次站上五日均线,1
今天正好涨到五十万，从今天开始，每天记录，同思路的,1
上证指数向上趋势不变,1
券商好就买买买...！,1
人性中有这样一个几乎是最顽固的倾向，那就是捍卫自己,0
基民赶快赎回基金啊，否则的话，可能某些基金经理为私,1
简单的方法却是最好的赚钱之路，就是坚持难,1
今天尾盘别跳水，终于比美股强了，给人信心,0
其实都知道不会涨，就是不死心，,0
今日行情将延续反弹，板块看轮动上涨做好高抛低吸。做,1
都是十几年的空壳公司，杀猪盘越来越多了,0
挣扎着要跳水,0
"完了大a,昨天回1000多块，今天让我交2000多？什么世道",0
大盘红了我的谷反而下跌,0
以茅台为首的白马股，牛市冲突……。投资者纷纷丢弃低,1
$上证指数(SH000001)$[赞][赞],1
老铁们冲啊,0
来了10W年底能不能亏完。,1
乐视终于退市了，假药，停，终于停了。,0
撑死胆大的，饿死胆小的,0
独关大师兄,1
要开始了,0
已经正式开始牛市了，小韭菜瞎买都能有收益了，期待4,1
3000点保卫战即将打响,1
下个风口小市值，绩优，破净，低市盈率！,1
茅台不能跌！近两日茅台下跌8%，造成股民平均亏损2%！,0
说得对[赞][赞][赞]//@股友xNt5C8 :利好上市公司，加,1
今天我把基金全卖了,1
大阳？想多了，还没到时候呢,1
昨天又惊魂一日,0
大盘要跳水了！,0
说了跌150点，不让我发帖！,0
没有量还得下来,0
一个人的武林,1
布零线是心里支承。也可能向下还是逢高出货，如果大盘,1
好羡慕呀！指数红红火火可票票绿绿油油的好健康的一个,1
半天突破5000万应该没问题了,1
$上证指数(SH000001)$清仓销户才是正确选择,1
指数上去反而很多强势封板的打开了？？什么天理有阴谋,0
转债才是王道，其他都是乐色,1
你还在这等什么？加仓，加仓，加仓！,1
今天上证指数低开低走，窄幅震荡。军工股强劲，神剑股,1
成交量没有放大！,0
都再看外围，外围跌百分之五十都不为出，国内指数是没,0
干的漂亮,1
今天卖了股票，明天能转账吗,0
耗干这帮骗子，看还能骗多久,0
5分钟背驰、高抛为主,1
今天拉券商才是真正的诱多，接下来估计是乱杀了[想一,1
发现一个很好的股，金字开头，名字不说完，大家猜猜,1
金富科技准备起飞！,1
2750,1
太垃圾了。,0
又在诱多，明天又阴杀一波,1
明天大涨，现在满仓[大笑][大笑][大笑],1
证券股一月份业绩快报即将发布，一月份大盘日成交量基,1
新冠药物领涨军工表现活跃今日大盘低开低走，收盘3大,1
周一看它是否下跌。,0
不腻吗？年年月月天天的下午跳水，看都看的烦了，能不,0
最后离场机会,0
看了一遍，几乎全部向下，太吓人了,0
散户守住钱袋，才是硬道理,0
有没有早上吓跑了般？[想一下],0
果然，熟悉的味道，长假是利好，开盘就是利空。假期结,1
美股何时企稳？会跌下1000点吗？,1
开始踩踏出逃咯,0
我猜明天还是跌，比今天还凶,0
不要信别人,0
上证指数 重要点位凸显，最准买卖显现提前抓住机会,1
行业大佬威威厦门钨业，业绩高增长确定性、国资国企改,1
今天账户亏了钱的右边点一个,0
大盘正在割韭菜！,0
周五策略 周四市场依旧延续近期反弹之势，沪深两市几,1
外围，北向资金，自身姿势。全部不支持继续上涨。有反,0
都空仓了没,1
热门简评2020.12.10近期连板空间：7-金浦钛业彩虹股份,1
要不要走了[囧],0
节前最后一天了，主要就是个股超跌反弹的延续，热点不,0
芬，我想翻你的牌！翻什么牌？停牌的牌！,0
一见钟情，满怀期待，蜂拥而上，高处不胜寒，辗转反侧,1
呼伦贝尔,1
大盘开始跳水，还没到下午。,0
贴子怎么不发,0
我承认我大木木无利不起早,1
昨天一听易主席说要扩大直接融资，A股推行注册制等，,1
今天英大证券李大霄又有讲的内容了。,1
求求你给我个机会，不要再对绿说无所谓。,0
陈年老韭菜，还有比我更能亏的嘛,0
继续跌，开始两周调整,0
已是疯牛，全仓买啊！！！,1
今天高开，我很恐惧！,0
2700点前安心持股,1
都到这份上了，那几个点的缺口都不让痛快，还要折磨。,0
看看大盘心凉了一节，任何时候专家分析预测就是搞笑，,0
还在炒周期股，工厂都快倒闭了,0
明天深V,1
3000见,1
香溢融通（600830）,1
关注大涨股票,1
司马老头你能不能不天天准准准哈,1
大盘跳水，牛逼中的战斗机,0
2915支撑，2930压突破看42,1
过来十月一在看吧，黑色十月,0
市场严重熄火,0
[图片],0
干的漂亮，让今天追高的全部站岗,1
趋势预判:中长线持股，等下一次上攻见证攻克3731！短,1
快把290136缺口补了   心里踏实,1
又没力了,0
昨晚美股一个高开杀跌，构筑乌云盖顶，把哪些大喊美股,1
华策影视今天涨3个点左右，不容易，还涨13个点就回本,1
那个忘记了,0
完全疯了。。大盘,0
千万不要追涨杀跌，2850-2950之间绝对是第三个套。大,1
八连阳结束，后面仍是科技为主线的行情，逢低机会要把,1
明天早盘券商金融动一动，下午种菜,1
今天下午如果齐鲁开板必破现在高点,1
走一波牛市，外资自然来了！天天指望外资进来么？,0
再创新低，我的娘呀！,0
泥马，又开始了,0
大致会到3100,1
他们太坏了[滴汗],0
唯一的好消息应该是交易量又放大了一丢丢..,0
3252点,1
#九层妖塔原型古墓#一只鸽子爱上了一只燕子，燕子说，,1
大盘一会就会下来，短期回调是必须的！散户要注意风险,0
冲啊3个点！,0
让股市上涨是企业和股民的政治任务，也是爱国的具体行,1
动不动4选1，5选1，这种游戏怎么玩？,0
两点钟准时跳水！,0
讲故事的滚远点,0
"这是很健康的走势,  我们要慢牛,hhh",1
全球疫情有爆发迹象，但中国疫情已经得到很好的控制，,1
3660附近再买！,1
北向一关闭，内外就开始卖,0
我要稳稳的组合收益上涨！！！[加油][加油][加油][加,1
明天跳空低开形成岛形反转。为科创版作贡献,1
这是咋回事？,0
电话涨了40个点 见面涨了50个点 搬去一起住，每天涨60,0
大家散了吧今年行情已经走完！！！,0
今天是收米的一天，冲啊$新开源(SZ300109)$$东方银星(,1
宁德时代半个月前各大机构一致看好，宁德时代550元至5,1
补缺口吧，赶紧的。,1
下周二开始关注类似于今年4月27日的大阳线，三浪主升,1
应该伤心还是高兴[为什么],0
什么个情况？[拜神],0
不会吧不会吧，不会真有人以为白酒跌了，他们自己的个,0
今天虽然没亏，但是最近很累，明天退出不想炒了,0
盛开的《吊兰花》正在准备着拥抱欢腾的（榨油机）哼哼,1
话不多,0
大盘跌的时候我赚钱，涨的时候我天天亏，唉,0
指数涨，个股跌，什么情况？,0
牛逼了哦，厉害得很,1
股票害人的，远离股市！,0
每天尾盘拉个指数，指数很好看,1
上万亿资金都已转移到科创板，有进入有等待进入，主板,1
牛郎去约会了，牛市等明天吧,1
大盘今天红不了，诱多，看谁跑得快！,1
$上证指数(SH000001)$太牛了翻红了，以为至少跌破三千,1
2700不保了！,0
完蛋了，这么弱的走势基本决定未来N年都很难过3000,0
2800不过肯定是老板所为，一方面不让看多的人太疯狂，,0
要开始跌了,0
本周跑赢99.76%投资者，本月跑赢98.86%投资者！胜率10,1
明天大a有惊喜,1
最怕一窝蜂，全部在砸，不分青红皂白,0
圣济堂或将迎来涨停！看120分钟线,1
本轮牛市结束了，等明年吧。,1
NND上午清仓了做不下去了，休息一段时间，整理心态。,0
筑底时刻要不做t要不装死，这段时间注定难熬，但比港,1
但凡今天涨的，明天都要补跌[傲][傲][傲],1
下午大涨，迎接周末大利好。,1
感谢新主席,1
破股市,0
3000点这个重要支柱已经被刺破了，没有希望了，熊市第,0
在不拉韭菜害怕都跑完了,0
G主力现在倒鸡毛、赚点垃圾食品、就转行，不参与。,0
奇葩A股，铁公鸡和扇贝齐飞，炒股炒股，就是看谁最后,1
干的漂亮[鼓掌][鼓掌][鼓掌],1
超级大牛市，这月上一万点,1
感谢国家队再次出手！！！！！,1
终于补上那缺口了！[大笑][大笑],1
红尘说：下周千古涨停！哈哈,1
卖点即将来临，做T的做好准备，向下做波段，2800点接,1
最后一帖耐心等待突破3280/3400啊啊啊,1
武汉捐物，捐款。,1
真不知道，股票能给你带来什么，今年无端端给狗网友拉,0
可怜的股民，，亏损累累，，欲哭无泪！惨不忍睹！！,0
大盘还是很强啊，不过这周应该会有一次中阴线回调。拭,1
我将用20秒夺走你的“牛x！”（4涨停在手）$华菱线缆(,1
今天收绿盘，明天上攻，震荡第九天了，明天十天反冲,1
大Ⅴ，满仓干！,1
看3070底满仓干,1
创业板报团股还是涨的很好但是分险没有私释放大家看看,1
看看有多少个股是跟不上指数的？,0
今天打算一步到位，直接就3150了。[捂脸],1
拉券商股现在都没人跟进了被坑怕了[呲牙],0
搬只小凳爻一卦，人人都是预言家！,1
期货一开，大机构可以肆无忌惮的卖了,0
老乡们快加仓，国庆来了,1
今日总结，今日血赚，周五抄底的老白干，今天涨停，大,1
只要美股大跌，都是低开高走 很有规律,1
可怜的人，让人给算计了。,0
$上证指数(SH000001)$下午中国跳水队接力，我在基建和,0
让你到阴间过年，大庄家，哈哈哈,1
中午收盘，继续坚定持股，静待花开！上午大盘低开高走,1
个股天天6个点7个点的下跌谁特马顶得住,0
今天回补缺口，再加黑色星期五有的看了,1
卖垃圾科技！买中秋月饼！,0
你大涨了，我的鸡上午被带下去收盘还是绿的,0
好惨啊,0
炒股把眼睛整坏了！看什么都是绿颜色！哎！这可怎么办,0
为的就是看股票市场的波澜壮阔，果然是你方唱罢我登场,1
今天有天地板哟,1
2点半以后集体下跌,0
不把假外资洗出来股票就不会涨。今天终于洗出来了，明,0
靴子落地，买未来，卖现实，年底前仍有100个息点可能,1
大数据时代，大资金都知道基本没有人持有银行，现在专,0
哈哈哈哈哈哈哈哈哈哈哈哈好,1
《只要肯等待，好事自然来》,1
大家都散了吧,0
拉尾盘，非善类！[想一下][想一下][想一下],1
惨单边下跌市,0
大盘,0
大师们都在建议明天冲高出货了！[捂脸][捂脸][捂脸],1
阶段性上升行情结束。,1
猜猜下午会不会把早上的抄底盘全套住,0
只要拉升上证50，大盘指数就不会怎么跌的，其他三千股,1
炒股就像他！,1
缺口补不了了,0
再收红我就要骂人了,0
大盘会涨吗？,0
清仓了，下周再看看！,0
本周只要站上3600点，下周会继续反弹。热门板块加紧布,1
南山铝业上午半仓买入，[强壮][强壮][强壮][大笑][大,1
癌股一上一下的就是害人，都跌这么多天了，就不能好好,0
欲哭无泪,0
今天买的不让卖，太坑了。,0
理性,1
A股6连阳上涨！新能源板块轮番拉升，还有哪些投资机会,1
买了一年的新股都不中，还是怀念以前新股配售的日子，,1
没好,0
哥发现，沪深最大的笑话，盈利最多的行业银行股都跌破,0
水花四溅在翻红这酸爽[赞][赞][赞],1
3500点，加油,1
没救了,0
稳住，不要怕。我还没卖。等拉高。,0
大家不要怕，可以做十年股东。,1
必突破3544,1
感谢东方财富这个大平台，我在这里认识三位大哥哥，最,1
这样的股票，这样的价格，买到，就是，捡钻石，笃定，,1
神奇2点半,1
今早一跑，卖的就拉板了，下午三大指数井喷，好憨嘎，,1
三峡能源领衔涨停！！,1
我们的大A股不知还会不会收红盘了，好久都没有看到了,0
奇了怪了，不炒白马，去找黑马？神奇！,0
空仓是福[哭],1
利好出货哈啊哈,1
发现医药股中未来巨星潜力股——众生医药！,1
涨半个月不够一天跌的！,0
美股创新高，A股折返跑。,1
$上证指数(SH000001)$明天必须涨。下周一必须爆涨。,1
这次会破3000吗,0
下周跌破3000点，半年内跌破2400，信不信由你，事实就,0
港股涨3%。大A要加油，看来还是需要医药来起来了,1
今天大盘发疯了！,0
这盘面今天受到降息影响，A50大盘股带头进行了突破，,1
厉害了，震幅近一百了。,1
今天会跌掉底裤，下午绿油油。,0
要想登上前面的高峰，那就必须全力阻止后退一步。也就,0
跑呀，弟兄们，钱多的可以不走,0
不是牛市是牛屎,0
十年大底，全仓买进！[色][色][色]$创业板指(SZ399006,1
修复5F顶背，正常调整！,1
呵，这交易创新纪录了，暴涨是百分之万的了。,1
早上好[献花]我们喜欢市场一直追寻看自己的梦。在这里,1
北向资金又买50亿！机构调仓换股---好股票好低位买哈,1
以前总是上不去3000点,1
上证杂技团，请继续你的表演,1
12月5日星期六农历十月廿一1.嫦娥五号着上组合体实现,1
我能说这是只涨指数但个股没啥行情的行情吗？我的所有,0
深沪流入这么多，怎么还跌？,0
只准跌，不准涨！,0
出货？出节前进去维护大盘稳定的筹码？就今天！！！55,0
又是黑周五，低开低走的一天了，,0
股友们大家好，大家可以多多关注强势股的走势，本人不,1
请各位解释一个问题，2015年上证最高点5100点，现在是,1
A股是喝酒，吃药才能冲,0
牛逼克拉斯,1
又是悲伤的一天。。。。,0
老哥们你们是勇士，你们稳稳的[大笑],1
#有奖征文|业绩窗口期，解读中报赢奖金#绝对看好航母,1
提示买入建仓,1
满怀希望是人类的显著特点之一，担惊受怕同样是另一个,1
谁赚到钱了，我买的俩股，都跌了-2多，硬是起不来,0
明天上证大阳上穿多周期均线,1
中国牛市，不可阻挡，必信。,1
大盘主力最拙劣的操盘告诉你，不补缺，留后患，节前观,0
社会主义就是好,1
搞笑了不，又跌，哈哈，稍微红点，股神都跑出来唱多。,0
从亏损到扭亏为盈，绝地逢生，加油,1
跌破支撑，加速了,0
股市里面，散户太多了，加上牛市没有来临，机构和基金,0
$上证指数(SH000001)$又赢了,1
今天挂猪头卖狗肉的第一天,0
这回完了。。。3000破了,0
[图片],0
下午起飞,1
涨吧涨吧，指数一月干到6000去,1
还有几天的,1
15已经瘾约可见金叉啦,1
明天我要买点600848看看。,1
电子烟，人造肉，新能源概念是下一波风口，大家跟紧点,0
麦捷科技定增结果出炉:特发集团获配6.12亿元深创投财,1
没意思,0
真爽，今天直接赚了6个点了。哈哈哈哈哈满仓抄底发大,1
给你们讲个笑话，今天股市要大涨,1
跑得快比赛又来了[哭],1
终于开始尿了,0
刘涛老师评：捷捷微电第三代功率半导体芯片、国内知名,1
发生了什么事？？？？？？？？？？,0
炒股四五年还没买过券商呢，有没有长期持有的好股票求,1
专家:险守2900，退守2900[大笑][大笑][大笑],1
拜拜!你最狂妄的时候，我就不必要来看你!,0
没有白酒的大盘！,0
年底赶紧收割一波过年,1
纯阳的500万实盘日记，12月22日今日战况:-8700。目前,1
哈哈哈哈,1
我还是蛮佩服我们大的，我为你骄傲，为你自豪！,1
002060，粤水电，死猪不怕开水汤！！！2年了股价还是,1
如果停止交易10年，你还会买股票吗,0
不喊牛市了[笑哭][笑哭][笑哭]3000点保卫战打响冲啊[,1
快看！A股！跟一样,1
嘿嘿嘿,1
大家听哥说一句。明天如果大盘是红的，节后就是3根大,1
不要买A股，什么时候卖出都是正确的,1
6绝~~百股妖斩！！！第一帖！！！,1
笑死,0
新人看着有点慌，这是啥玩意，走火入魔了吗,0
继续冲啊！不要停,0
该仔细总结一下了！牛市不挣钱熊市亏大钱！问题在哪里,0
我觉得小散户还是别玩了，白浪费钱，挣点钱也不容易，,0
今天要破3300,1
上周谁叫我进的？你们这些散户投什么票哦[哭][哭][哭],0
明天喝酒，不要问为什么，不可能破3200点的,0
今天大地雷！,0
买点！逢低布局！巨星科技，中科电气,1
求你别在发股票害人了,0
先热个身，下午两点准时跳水，敬请期待,0
耐心持股现金买入招商银行,1
反抽完毕了吧,0
下一茬韭菜割起来更舒服。。。[大笑],1
谁知道电脑端上证分时图黄线怎么设置成移动均价线。谢,1
本人踏空狗表示很开心，送鸡狗，[献花][献花][献花][,1
直接3150不行吗，缺口补了大家心里还痛快,0
垃圾，涨一天才涨那么一点。下跌两分钟搞定。,0
还是这么的垃圾！今天买的明天看谁跑得快了！,0
又要跳水了,0
庄稼是最黑心的，有40厘米的绝不会选20厘米的,0
国债期货涨幅扩大，10年期主力合约涨0.21%，5年期主力,1
A股熊起来无敌,1
今天又可以吹牛了，星期一开始割韭菜。,0
航空航天有戏,1
明日大盘回踩3557附近后向上冲击3569.89至3588.78的缺,1
一买入就有涨停版！傻瓜傻不傻？“傻瓜”手里现在有票,0
全部闷杀,0
大盘股价走势很健康，MACD红线继续缩小，从数量上来看,1
黎明就在眼前,1
不涨的股票都是猪。。。哈哈,1
九月市场，韧劲十足，又一次深V诱惑，又一次多头完胜,1
真是悲哀啊，小散们赶紧跑吧，别再被割了,0
别怕，调整而已,0
没办法，上半年新人太多了，总要把他们吓唬一下,0
我发起了一个投票，【#上证指数#这还是牛市吗？】，快,0
北向分批跑，每天出百分之50买百分之25三到4天出完，,0
下周股指在封闭2870缺口一带时重点观察成交量能否放大,1
牛年到！,1
280O一3000点才是上证的套牢区！,1
又被骗了,0
主力目的振荡吸筹，不回补缺口是怕场外资金进场抢筹,1
今天争取站上2900,1
明天看戏就好了，,1
这个八月真的太惨了,0
丢你叉叉，全部红了，大盘了,0
A50暴力拉伸了。。,0
证监会年内批复1601亿元可转债上市公司再融资打开新空,1
崛起,1
净资产收益率20%以上的，是非常优秀的企业了。净资产,1
把3000点还给我！！！,0
$上证指数(SH000001)$每一次回踩都是加仓的好时机，下,1
$天和防务(SZ300397)$军工板块投资价值进一步凸显，操,1
调整到位,1
反弹一下，继续暴跌,0
A股真奇葩,0
走得很流畅,1
再向下，就不好玩了,0
拉的是哪个板块，股价没涨上来呀,0
还有两个交易日，就要放假了。今天放干货，你找到了那,1
一入股门深似海……,1
主力会那么让散户猜中节奏吗让你看到的都是假象不上35,0
来吧！满仓干！迎接二波上涨大牛！,1
这两个星期一直亏,0
002860后期会是怎样的走势啊[微笑],1
大饼上午最低看35200，已完美跌破，现已到达33718一线,1
大盘没有一点反弹的迹象，惨啊。,0
明天5G拉一波,1
明阳四月天,1
这种情况为什么不延迟开市？[哭],0
还是得看科技股啊,1
厉害全球指数都是红的，就你绿油油,0
大盘上涨任务或已完成今天大盘在金融股利好的刺激下，,1
赵老哥:复旦张江、中航资本、海南高速、苏宁易购、兴,1
科创板迎来二周年、不负众望、起死回生，继续向上突破,1
你是狐狸，我是猎人,1
不知道后面会怎么样,0
周末不确定性太大,0
壮观,1
早上不跑，下午没机会了,0
2点过了，指数依然保持高位的稳定，今天的反击彻底把,1
快买,1
昨天晚上利好一大堆，拉投资，促销费，半导体利好，房,1
今天杀死了多少恐慌盘？,0
看来今年还得保卫一次3000点，不过基本都是保不住的,1
快追，不然上不了车了,1
为什么资金去往银行股[为什么][为什么][为什么],0
大家恐慌了！,0
打破“4.19”魔咒！,1
利用消息打击市场情绪，用很小的代价把指数拉下来，然,0
本周3100必破,1
一周一天涨；一毛，其余6天跌；五元,1
吃饭行情来了！牛啊！真牛！,1
根据我的推断，十一黄金周的即将来临，股市肯定要做相,1
华夏国无量媒体太多，g煤昨天说反弹，其实是下跌中继,0
拿着你手中的股票就是在支持国家！支持中国企业！就是,1
证券银行保险继续砸盘，已经第5天,0
600860MA250＜MAC120＜MA60＜MA20＜MA10＜MA5对于M,1
每逢月底，总是被主力虐得体无完肤！[哭][哭][哭][快,1
没有大资金或大庄干预，今天破3000点,1
空头气势汹汹,0
整天都是半死不活！如一潭死水,0
没有券商带动，就是死,0
春风又绿江南岸,1
超短看盘核心逻辑与龙头今天14:22东方财富Android版关,1
为什么外资精准抄底,1
2830五十块进场，现在2915点剩余四十万！如果回到2830,1
对不起，是我肤浅了。我承认大a水很深。,0
趋势决定一切！“休息也是一种策略”该收起来啦，沪指,1
什么破股市！,0
不敢说话了，我在预测我怕我自己要害死自己了，昨天预,0
我靠你竟然敢高开,0
早点过来看庐山瀑布,1
京东方A：京东方A今天成交金额最多，目前102.5亿元。,1
这个跳水给满分，又诱多杀跌,0
指数走的真漂亮,1
回踩3100[傲][傲][傲][傲],1
上海石化！上海石化！真正实力派氢燃料！！！,1
看好一支票，等到她犯错，稳住，考验自己的时候到了。,0
请问主力筹码多空比数值在哪里可以看到？谢谢指教,1
小牛顶杀大熊了,1
打卡,0
利多出尽了就是利空！ 又开启了收割模式！ [傲][傲][,1
冲鸭！不追涨的散户不是好韭菜！！！！！,0
八月四号开始，我们开启上证一万点的征途!,1
昨晚，某美女温柔对我说:哥，你给我推荐个涨停，我以,1
昨天涨的，今天跌了一半！,0
每个人都认为今天跌，你说它会按你们想的吗？,0
装逼诱多,1
大盘没开始真正下跌，个股都跌出s来啦！[大笑],0
这波人均亏多少统计下,0
工商银行，2万个亿的盘子，本月累计最高涨幅10个点。,1
$上证指数(SH000001)$可以加仓了！不能跌到谷底再买！,1
认购我^_^^_^？我,1
神奇的2点半,1
挑逗小散吗？？？,0
任何人买奥维通讯准没错，真正的军工股，没有问题的一,1
今年A股最后的疯狂！根据当前A股所处的位置及大盘各权,1
低价股，钢铁板块应该是所以行业板块里面最多的了....,0
超跌次新银行股涨停了，银行券商全激活！,1
回到1000吧证券,1
刚才认真看了搜于特，发现真是好股，操盘手功夫太差了,1
杀尾盘了，今天,1
还有谁和我一样被诱多了,1
指数慢慢跌，主力们慢慢出货。[韭菜][韭菜][下跌][下,0
不要跌啊,0
牛市来了睡不着觉十分想念李大霄,1
跳水速度越来越快，低点越来越低了，漂亮[赞][赞],0
大盘二买机会又到了,1
主力太坏了--压着指数偷偷吸筹（涨个股）散户要注意！,0
砸盘咯,0
大霄一发话真灵呀,1
一天比一天惨没有最惨只有更惨,0
鬼佬今天往下，明天可以补缺了,1
慢牛？骗人接盘的吧,0
熟悉的配方，熟悉的味道,1
从股价相对位置高的光伏、新能源车两个热门赛道，到股,1
2700会不会,0
又是一遍绿油油！,0
看来现在2700都站不上去了！,0
A股中国人寿与香港交易所中国人寿、是不是同一个中国,1
大盘看来要泻了,0
大盘半死不活的。,0
创新低，外资继续砸盘,0
今日大盘支撑3531-3549压力3599-3592,1
熊市确立,1
基金一片绿，赚钱效应还不如前几天跌的时候,0
4.25深圳今年要涨到13860点以上,1
这是要死的节奏啊！,0
羡慕道琼斯指数,1
黄金股值得你拥有,1
神奇的2点半,1
犬A疯了吗？神马玩意心！,0
今天量比昨天还差呀，最近几个月黑色星期四大部分都是,0
年前不看好国内市场的基金，跑去干境外市场。暴跌，不,0
就要开始了，大家快跑。,0
清仓了88,0
下周到3100点以下，拭目以待！,1
如果明天银行券商再不护盘，大盘将击穿3200点，打开下,1
大盘周K仙人指路，个股射击之星，行情之妙，恰到好处,1
半年线附近 市场将迎来强支撑,1
今天找不到甩锅的理由，该怎么办啊。,0
这种走法跑的慢的等死,0
外围很稳，空仓的股友要后悔了,1
$贵州茅台(SH600519)$ 白酒还能不能涨？上篇我用经济,1
大盘压力位，3458.79,1
继续涨！不把那些空仓的所谓的股神逼疯才怪！[大笑][,1
上涨路上压力多，下跌路上无支撑。,0
创新高我也是赔钱啊,0
蔚来宣布车主终身免费换电亿欧网6小时前亿欧是一家致,1
为什么全球都在跌？哪位指点一下？,0
因为趋势不会变，继续空，爆赚,1
有点吓人,0
这些天一定要紧盯大盘，目前大盘与2019年.04.30，05.0,1
去年今年割什么什么涨，真的无语了。天音8块买的，6块,0
高开3200点 直冲3300 哈哈哈哈哈,1
明明知道周一要引颈受戮，为何现在不采取一些措施来对,0
明天A股开盘！不管你满仓还是空仓，我必须提示以下重,1
大盘又要翻红了，过瘾,1
今天玩跑得快,1
心碎,0
市场杀红眼了，怒起来连自己都杀,0
干的最傻的一件事哈哈,0
断头铡吗,0
这样的大盘你们怎么看？,0
二点，开始跳水,0
8.97今天这里买了10000手单子有行情明天[大笑][大笑][,1
现在A股已经进入熊市了,1
不死不活，还不如置于死地而后生！,0
止跌了明天大盘看反弹！,1
收评：下周一绝佳策略！,1
要大哭一场了[哭],0
还有一件事情要说，明天大涨无疑，但我认为危险在周四,0
这就慌了吗？上证还红盘呢！还没有开始绿你们就顶不住,0
未来给亿帆医药一千亿市值也是低估了啊！！！亿帆医药,1
第二个西藏珠峰涨停了！今日没破第一买点三日线22.00,1
开始表演跳水运动,0
环保,1
哈哈哈,1
昨天都说千股涨停 人呢,1
趋势在，一起旅行吧,1
关注国金证券,1
国家政策出台、利好大数据、云基础设施建设、物联网产,1
创业板双头来了。。给我冲~,1
$上证指数(SH000001)$听到的消息，打击恶意做空，赞一,1
昨天买军工，今军工一日游，明天卖出,1
一市三制主板10cm，创业板20cm，转债30cm，任君挑选[,1
太难看了，个股跌了5个点！没法玩了,0
高开低走，又是垃圾,0
今晚七点见，心情就好了,1
大盘创新高你的股票解套了么？,1
有了这防跌十诀，下周一可否绝地反弹？,1
赶紧进场吧，不是割肉时候，别丢了筹码,0
5+4+3每周发这么多IPO，这次大磐要跌穿3500并且收不回,1
交易量没放大，反弹而已。,0
下一个目标；3587,1
3300是站不住的，下来吧到3200，顺便完成板块切换,1
我们不能看到周五涨觉得接下来会好，这二天不涨又觉得,0
大盘涨自己超过大盘多少倍才算及格啊，谁能告诉我，我,0
随着今天的大涨，各位大神又开始活跃起来啦。不过量能,1
今年大盘要过6000点的,1
100%准！中国股市预测顶尖人物司马懿马哥，27号10.29,1
本周区间3350～3500[献花][献花][献花]3350是白银坑，,1
永远在3000点上下徘徊[赞],1
NB，佩服国家的智慧，和我们不谋而合,1
看涨停板，和跌停板，，就知道无量拉升，，发套行情,1
成熟的麦穗都懂得低头，很多时候忍让、低头，就是保护,1
三天亏掉28000[好困惑][好困惑][好困惑],1
空仓看戏，特别爽，哈哈,1
受不了哦，跌吧，个股惨不忍睹,0
3333.16：闪闪闪闪.要溜,1
李大霄出来喊话了。一不小心跨越“牛熊分界线”(半年,1
$上证指数(SH000001)$今天成交量很大，天量必有天价！,1
我发起了一个投票，【#上证指数#大盘震荡你们还留有几,0
涨到3535，然后下午跌倒3515收盘，完美的一天又过去，,1
涨了什么股，指数如此好看,1
职业金到底进没进呢？？,1
利空假北向[呲牙][呲牙][呲牙][围观][围观][围观],0
加油，继续努力！,1
今天小盘股完胜大盘股，有大盘股的快跑，一旦被套，永,1
步步惊心,0
等3点，说说大家今天账户亏了多少钱吧？,0
大阳后两十字星，一绿一红，量渐縮。年底了，到无人恋,1
沉睡中的大象醒了！！！,0
全靠投机想让大盘上涨是没有基础和希望的，即使上涨了,0
看了tcl和京东方之争，果然是行情驱动基本面,0
啊哈哈哈哈哈哈哈哈,1
A股只有内幕投机，从无价值投资,0
我发起了一个投票，【#上证指数#今天涨跌】，快来参与,1
两会行情，2950,1
大家都在做空吗,0
今天又是4支新股。大家准备好了吗？,1
买,1
我看了我的粉丝又长了一些.先说明.别问问题.我的所有,0
早上给机会不跑,0
看到技术形态更好看的股票时，要舍得抛掉手中的股票，,1
明天黑周四再杀一波就好看了直接干到2820,1
股市，情何以堪,0
大盘不管你怎么吹不上五日线我不买。现在个股所有的反,0
终于碰到房顶了,1
谨慎看下周,0
俺主力3222元清仓英科转债后下一目标～96元金轮转债12,1
浙富控股下午准备7.3清仓元旦后逢低买回。,1
死扛，骗人接盘，可惜没有人接，天天缩量！,0
今天到2940差不多,1
阿里进军5G达摩院成立XG实验室发力“新基建”A股公司,1
强者恒强。$阿石创(SZ300706)$$三角防务(SZ300775)$,1
感谢主力，感谢韭菜，让我在2020年抓到一波牛,1
借科创出货硬道理,1
又小拉一下哈,1
昨天大盘长红，我提示要降低仓位，去弱留强当时在东财,1
2021.1.18今天的主要指数估值表出炉啦.....顶部不是一,1
这不就是躺着赚钱的行情吗？,0
老乡别走，让主力先走。,0
东财目前个股分析第一人，比狐导那个忽悠人的厉害多了,1
天天骂拉指数的，有脑子么？不是水军就是傻子。。。即,0
黑色周四.继续坑爹,0
吃伟哥能挺住3秒,1
白酒不死，大盘一天也没希望。,0
买什么亏什么，怎么办，今年已亏50%加上往年的，亏90%,0
太恐怖,0
进入就闷杀,0
上午是无量涨，说不定下午超量补涨，拭目而待吧！,1
垃圾股市，天天跌,0
经历过08年和15年的人都应该知道，那时候下跌初期的时,0
2点半，大V反弹！！！,0
今天只看恒生指数变化,1
冠捷科技是元宇宙龙头股！,1
注意！要跳水,0
我买的股终于被彻底套牢了[赞],1
千万不要跳水收盘，缺德事少做一点,0
10.12号我就说了，这轮反弹的重点就是科技和医药板块,1
黑马，快买,1
20年190倍，您也行的！！！,0
反弹的都是抱团股，反弹只是为了吸引接盘的，跟95%的,0
相信祖国,1
这波最新的就做了国联证券和甘源，顺手接回之前做过的,1
$上证指数(SH000001)$反弹出局，长线一定到2800，耐心,1
最低点收盘十分恐惧的，说明意犹未尽。,1
关注我的兄弟们下午自己看好的票只要多头的大胆买，我,1
小散们证券不涨，不要进，宁可买基金不要买股票。,0
跳水开始了,0
电，跌吧300点,0
《盘后回顾5.27》带你看市场,1
白等一天，一手垃圾票,0
新能车，锂电池，特斯拉配件个股已经是连续2天大涨了,1
艾紫馨：现货黄金原油探底回升　期货行情解析,1
行了！到位了，下周开始,1
识人其实也是识己。每个人都不是白板一块，都有自己的,1
关于大盘的几个点（自己看着办）,0
害怕狼惦记我们嘴里的那一块香喷喷的肉。新《核心资产,1
牛市来了[呲牙],0
002102ST冠福阶段性顶部出现了，估计下探1.97后再上升,1
明天比谁跑得快，早上清仓。,0
阿弥陀佛,1
涨了些啥？市值不怎么增加啊,0
哎！3200附近再见[晕][晕][晕],0
收盘点位在3215.21～3223.45之间就非常完美了[大笑][,1
这样的行情比股灾更加厉害！,1
开始反弹，低吸了,1
年后再战空仓休息了[微笑],1
早上预估成交量3100亿收盘3088亿，上方压力3383点今天,1
没有一个好的舵手，大船怎能前行，不偏就是沉,0
双节马上到，种树庆祝庆祝，绿色自然环保,1
中国股市从来不缺牛市，只要猛涨几天，牛鬼蛇神就出来,1
爽，爽,1
有点正事吗涨一天爹两天,0
本来个股涨的好好的，拉什么指数，挨千刀的,0
【多位顶流基金经理一起加仓千亿巨头！谢治宇、周应波,1
坏了，追金融板块被套了,0
昙花一现而已,0
坚持买入，今天大盘必红,1
又在拉证券，没好事,0
看来人确实是少了，以前发个帖，很多回复，现在发个帖,0
2019-3-20大盘顶背离3070-3065双支持考验3106年压，关,1
主力说稳住等黑四,0
大家今天都吃啥了[旺柴][旺柴],1
看看吧，这特么就是所谓的同胞，害死人啊,0
单边下跌。专家们来讲讲这是为什么,0
今天又高开低走，迎接大阴线,1
没量没戏！,0
想突破前高需要一个热点，还有三大金融助攻,1
缺口还有2个点不补了？,0
我的关注,1
今天缩量了！明天不行了,0
3260成为阶段“高压线”，震荡越久越不利短线反弹线。,1
股神名嘴遍地走，不是股灾就是熊工农中建如芙蓉，一声,1
大环境加A股的走势，底部2800左右，拭目以待,1
明明是风险来了，有些大V却大力唱多，居心不良。,0
夜已深，股市无情人有情，关于明日A股的行情，我想再,0
细而精可夺天地之造化，领先于他人，我们来看下1小时,1
清仓了，随你,0
春天来了，天气转暖，病毒感染性就会降低。不要过分恐,0
嘿嘿，周一赚钱效应估计不太好。拉的是指数。不过大妈,0
雅化明天继续创新高了！,1
圣诞快乐～[献花][献花][献花][微笑][微笑][微笑],1
看这样子今天是要直接歇菜了呀,0
渝农商行，市净和市盈都最好，庄正在布局，有兴趣的，,1
2800都不一定能止住。,1
指数天天红，天天亏钱的有木有,0
明天上证指数能够站稳3600点吗？今天沪深股市走势基本,1
苦逼的中国散户。。。。,0
不做最好,0
百点长阴再现！,1
终于等到你，还好我没放弃,1
中国电信20倍市盈率适中，对应股价8元左右应该合理,1
午后，次新券商龙头中信建投引领大盘直线大逆转，，，,1
多想拥抱你，可你我之间山南海北，可你我之间人山人海,1
熊市了，亏30%清仓了，看着办吧,0
大A威武，高开低走，低开低走，平开低走,1
沪锡隔夜沪锡2102小幅回升。近期因英国出现变异新冠病,1
乱几把炒,0
真是三只乌鸦吗？2点后看戏,0
往上干,0
下午2:3O大盘上3150,1
没有爱了,0
$上证指数(SH000001)$任何时候清仓都是对自己，家人最,1
今天出大阳柱,1
这就是散户炒股的下场，如果全中国散户都不玩股票，让,0
千万不要公布北上资金流入流出那些股了，公布就误导散,0
今年国庆，希望能中一签就好了,1
缩到1500亿，,0
牛股新宜002089 大盘红盘收盘,1
#伦敦金##国际黄金#老夏点金今晚非农，其实数据的影响,1
中国今年大牛大牛珍惜机会,1
公司强制员工打疫苗了不打就开除,0
现在手中有三只股票，都追高买的，现在有点怕怕天银机,1
中国加油,1
我去。感觉下午要红啊。为啥个股还在地上摩擦,0
九连阳后走势，倒数第2天，美加息还有12天,1
【新华周刊】本月建议关注三条主线,1
过细地看了下各路大资金的进退情况，全部都是搞高抛低,0
低开好事了。,1
明日开盘，大盘周五放量上攻3500点，周末又是各种“大,1
重要话说三遍，清仓，清仓，清仓。,0
反转,0
哎，我的买房大计啊，又被这个整延期了……买房-结婚-,0
两点半到了，跳水开始了[俏皮][俏皮][俏皮][俏皮][俏,0
今日收评：   截至收盘，沪指上涨17.53点，指数收于29,1
大A本是稳预期的旗帜,1
2838--2939春去春回之-满园春色,1
弱弱问一句，这行情主力怎么赚钱？砸下去他们抄底吗？,0
大盘选择向下，该清的清，下周介入。,0
大小专家都说大盘涨几天就要回调，好像所有人都怕涨不,0
@周杨周 你的z队友,1
开始跳水表演[大笑][大笑][大笑][大笑][大笑][献花][,0
4500点,1
$上证指数(SH000001)$明天涨2个点，让股民开心快乐一,1
众所周知，春天是个加仓的好季节[大笑][大笑],1
我的全绿！！！,0
我也来当波神棍[坏笑][坏笑]3100→3000[旺柴][旺柴][,1
是福是祸今日见分晓！,1
今天居然还亏钱了,0
今天的中小盘和白马真是南辕北辙，,0
这是几个意思一上午这么一下一上的，是盘中洗盘，还是,0
未来半年机会在煤炭，有色，钢铁，水泥，抱团白马今年,1
我以为是我眼花了拍断了大腿才发现是真的,1
金融委动真格。用法之利剑掃除一切造虚弄假的机构部门,1
股票3天定律，涨3到5天必然回调。,0
五一假期，合众提前画了一幅“合众山水甲天下”！,1
做多,1
不到2600我是不会补仓的,0
上周交易员们向新兴市场ETF投入了20多亿美元，投资于,1
冲高空仓，没有什么好机会,0
上证指数破3300点，该如何保持乐观？,1
涨不起就下来吧[大笑],1
000422湖北宜化，今天涨停卖出，周三选出，获利12%，,1
会议明确下半年引领资本向国有大型中资企业！,1
明天会跳高，回光返照,1
1、昨晚欧美股市大涨，富时a50创出历史新高，预计今天,1
市场需要“接茅侠”！呼叫万手“接茅侠”,1
上半年涨，下半年跌！看的透透的[滴汗],0
昨天晚上我就说股市过热，得清仓走人了。熬过8月再回,0
今天什么套路,0
$上证指数(SH000001)$直接破3000吧！让大家都好受。,1
上海景色优美的一处直播间。,1
君正老板应将个人资产注入君正集团，显示与公司共发展,1
现在还不是最恐慌的，等等再说,0
昨晚福彩3d和排3合买双中，收获不错，今天继续努力，,1
十月还是这个月，月月亏,0
哈哈哈哈哈,1
今天大盘要反弹。,0
怎么感觉现在机构都在打广告。,0
【WTi原油午盘解析】原油方面，今日周二（12月7日）开,1
7月以后3000点算是底了，剩下的真的是看个股了，真正,1
无语,0
明天能保住3020，就烧高香了,1
加速上涨，为什么我有种不祥预兆[想一下],0
这周必上2元！也许就在今天！最廉价的MSCI成份股：,1
今天本探长跟大家挑明了说，2770到2790一线是短线强势,1
这一波得干到3000吧,1
主力今天最大的功劳就是冲破了二十日线，尤其是冲破了,1
今天应该拉小票了吧，,0
大A太威武了，把高歌猛进的外围呵跌了[赞][赞],1
【奇迹日记：13胜0负】离短期目标20胜0负越来越近了，,0
为了指数，个股一片狼藉,0
看来这是一个来电的世界，没有电就没有光明啊！,0
光荣啊！我的大A！,1
没时间磨嘴皮子！,0
利巴韦林入选第五期抗病毒肺炎，昆药集团拳头产品,1
这个缺口什么时候补啊？,0
这2900太难了！！！,0
不赚钱![困顿]要凉了吗？[成交],0
还是那句话，千万不要接盘鸡狗天价垃圾！！！！,0
大盘涨的牛+个股像垃圾一样,0
等会议消息\\整体：沪市成交金额2355，创业板2128，深,1
中级调整，在等下跌理由,0
正如伟大的箴言所说，当学生准备就绪时，老师自会出现,1
红盘红的肝疼,0
惨、惨、惨,0
涨时不涨，大盘一跌，整个股市几乎全跌，这叫健康稳定,1
现在的情况是，上证指数要出现一个小级别的五浪反弹，,1
涨也亏就跌也亏，78万变成51万了。你说我怎么办？,0
有本事干到3000，我砸锅卖铁来接盘……,1
四个基金跌了20%左右装死过年再说,0
一年后再翻开我3000点以下的文章，你就知道是金口玉言,1
不要抱有任何希望！最终亏钱的都是对它抱有希望的人！,0
这拉得好[赞],1
为什么喜欢炒作问题股，至少问题股还有投资价值，而僵,0
这波绝对会到2800以下,1
为何涨，个股涨不过大盘，跌却能跌过大盘呢？,0
下周一关注医药股600713南京医药！有望向上突破,1
这一周都会慢慢调整！3355！,1
清仓跑了，你们玩。,0
除港股A股下跌外，全是上涨的,1
今天估计不会涨，因为昨天砖家李大霄又讲话了,1
我发现一个规律：一支股票一旦上涨，也就零点几个点；,0
（原创）20200429分时的干货总结,1
心想事成,1
奇葩的大盘指数,0
今天全仓进鹏华酒160632,1
没量了，行情结束了,0
看来这个底还没找到啊,0
收小阳,1
我就这点钱被你们骗来骗去,0
今天分享点后续操作干货，五一黄金周马上来了，这次5,1
3000点见。。,1
3500必破,1
放开期货，迫在眉睫！,0
主力太坏了,0
顺控发展，持股中。,1
股市天天跌。不得的了，可能明天又跌。,0
科创板高价能带动主板也高价吗？,0
快跑，见顶了,1
极限2750；兄弟们不要怂就是干,1
这种老乡不来了行情还要持续多久？,0
涨不飘，跌不燥，信中华，扬国威！！！,1
今天来个大大的对号,1
今天大盘涨幅不错,1
还有三个阶段到底部，一是所谓的砖家继续忽悠散户买入,0
对待生命你不妨大胆冒险一点，因为好歹你要失去它。如,0
北上资金又是买买买，那些傻旦又是卖卖卖，总把便宜筹,1
插入线盘点！炒股千万不要自己咬牙不服气！有多少人炒,0
老乡别跑，这是技术性调整，手机要反着看。[傲],0
指数中长期底部就在眼前，期待本周指数重新回到3100点,1
哈哈！割韭菜了！給你们过好日子了！你幸福吗？,0
昨夜美国6月CPI超预期达到了5.4%加上30年期国债竞标情,1
发套了,0
应该调整到3000点,0
快点跳水，,0
开盘震挡多空两方激烈搏杀，那边钱多那边就胜利,1
大家不要买，只卖，这是拉高引诱大家去接盘接盘接盘,0
了解表心声,1
看不懂不做不会亏钱。情愿不做也不愿做错,0
午后A股各指数有望回升走高，4月中下旬思路分享,1
不忘初心才能方得始终[捂脸]昨天晚上翻老贴，看见这篇,1
如果淘宝和苏宁易购姻缘那就是国内名副其实的大电商平,1
发生什么事儿了，资金全在跑。,0
难不成还要向下去补缺口？？？，好气！,0
你们还差多少筹码，这么贪婪的吸食，非得搞得满屏皆绿,0
真的不明白，我跟一跳佝计较什么呢，股市里面就是认知,0
为什么两市相差这么大？？？,0
哇哇哇拔网线,1
利仁科技001259拉升在即，重点关注一下！,1
中国人雄起！,1
问题是  的涨了一个多月  昨天，今天两天把之前的利润,0
这也叫垃圾牛市。,0
茅台将下探870，大盘会调整到哪？,1
想买的买不到，想卖的卖不了，牛逼的a股,0
漂亮，吸引不少跟风盘，羊群效应,1
nnd两周赚的不够一天浪,0
科技股是那根稻草，或者说是那根刺破泡沫的针,1
大家好，我是神机，我看空，你们喷我吧,0
奔缺口去了,0
小华s第一波拉到昨日收盘价附近，反抽在昨日收盘价附,1
补了缺口还会继续下跌,0
老少儿童节快乐哈，今天大盘可以，吃肉了,1
干五矿稀土他兄弟，五矿发展,1
千万别红,0
关门红。,0
全部套死,0
进股市一直亏。没赚过,0
大家快跑，趋势有变化了,0
快拉起来,1
这轮下跌2500止跌！看着吧！大家空仓就是赢家,1
股跑跑,0
大盘很危险,0
下周看好医药、食品等防御品种，尤其是是一些必须品。,0
今天是锂电池板块透资未来的疯狂时刻,1
我现在容易满足了，固定每天赚一千多块就行了,1
都被整怕了。说什么也不顶用了，哈哈哈.....,0
中国加油，爱股加油,1
公告：奥瑞德昨天成交1。88亿股占可流通股3.8亿股55% ,1
俩月反弹500点别又几天跌没,1
明天我来拉,1
大a强个股强,1
8月10日14时，茶旅集团总裁办工作会议在长沙河西总部,1
过山车真爽,1
我是小白，哪位大哥指导一下怎么操作,1
要跌就跌，磨磨唧唧,0
为了响应国家号召！大力维稳中国股市！持续做多中国股,0
当升科技，这波趋势比鬼还强势，就是担心被套。,1
1500接盘茅茅，赶紧下来吧,1
太猛了有点吓人,0
下跌无量，买起,0
今天赚了3个点，谢谢了,1
这股市总是压制股票不长是怎么回事，这说明了什么？,0
当前行情和2015年基本相同，都是大鳄机构在高风险区域,1
春节快乐丨A股休市后，美股要开始反弹？发生了什么？,1
近期可关注：超跌绩优股，汤臣倍健。,1
散户不能做空真踏马的悲哀,0
记得谁好像说过:3000点再也见不到了！,0
待着不动不会有机会同样也不会有风险，动还是不动你得,0
又更新了[微笑][大笑],1
"嘉楠科技大涨19%,数字货币调整这么久，也该涨涨了！",1
这个指数真的太假了吧！茅台今天都贡献大部分点位，还,0
成功套牢一大片,1
大a走势最稳健，无泡沫，无风险！,1
4月1日，美国两大资管巨头贝莱德和路博迈正式向中国证,1
什么利好都挡不住你这货下跌的脚步！,0
别硬撑着了，下来吧,0
今天大盘会涨吗？,0
今天到底是不是诱惑，全看下午了[牛],1
再来一波，OK,0
赶紧现在抓紧时间炒一波大的5月或者6月铁定来一波大洪,1
横着走都不会吗？？？,0
昨天追医药股今天有被套了，,0
世界大涨韭菜进场，该收割了,1
幸福就应该多生娃，减少经济处罚。。降低利率确保聪明,1
退出股市了，两个月的韭菜亏了10万，大A不是韭菜耍的,0
去的去不到3100我还不出了，安心过年。,1
个股已经震荡死了,0
大盘涨了这么一点，很多股都跌了这么多。,0
东方财富技术领导：强烈建议K线中增加，买入卖出红线,1
不让T 0交易就不再玩了,0
一波又一波的收割散户，我们还在傻不愣登的送钱，兄弟,0
一根阳线济不了天下，要趁势而出，书写金融历史奇迹[,1
炒股信大v，不如信自己，大v凭什么带你赚钱？不闷声发,0
今天会大涨60点，预测下，这个时刻似曾相识，这几年好,1
这段时间大盘高开都是危险,0
三仟四百陆拾点,1
大盘和创业板分时调整到位了，现在低吸买入的收到了！,1
不要装了，痛痛快快的跌吧,0
下午还有一波下跌。本周能守住2900就不错了。如果守不,1
11月26号收盘以后的，还有全部港股精选,1
关门打狗了,0
金通灵马上起飞！,1
$上证指数(SH000001)$别怕，3100必破,1
昙花一现,0
银行，证券，保险不涨，短期基本都歇菜,0
节后技术分析今天的走势多方已然占据上风，一举冲破28,1
探底2800点,1
刺激。直奔3390了。机会难得呀,1
尴尬，上下两难，股评家出面判断，哪怕会骂死一半。,0
随便你跌，环保，稀土吃肉,0
跌的已经刹不住车了！,0
该白酒今天发力了,0
不知不觉又走了一轮熊市。,0
我来说趋势,0
红是国家队第一要务,1
除了套还是套，这个市就是个陷阱！,0
这地方股神真多……,0
狂牛正奔向黄金赛道,1
在诱多了！,1
今天大盘太夸张了，清仓了，不知对与错,0
考验前次低点的时候到了,0
为什么一上3000就调。,0
布局介入！,0
居然敢红？？？,0
加把劲！看看几天能到3000,0
安洋点金：在黄金、白银、原油这个市场博弈，讲究的是,1
又是一个大利好。国家外汇管理局十号发布消息，经国务,1
科创板有钱人的板。,1
A股厉害,1
一阴砸两周套牢无数报有牛市希望的春韭菜们，第二，三,1
证券公司业绩同比大增，对市场提振，8月份，证券公司,1
大阳线反抽，就是这么坚决，就是这么漂亮！但股民别高,1
做股票关键的一点，主动权必须掌握在自己手上。,1
西部建设难道不搞建设啦？,0
在中国未来2年内真有资格拥有万亿俱乐部的公司只有这,1
草根小散本金1.5W到100W实盘记录(第三周盈利7.59%)为,1
垂直下跌？,0
天下苦A久矣,0
明天诱多看谁接盘当韭菜哈,1
嗑瓜子看跳水,0
看不懂了,0
股市根本没有低有底会这样,0
今天不上2900必跌无疑下午都死盯大盘吧,1
下午好，最后两个交易日就要喜迎国庆了，中润资源开盘,1
几天牛市骗局已被拆穿，成交量下周破万亿牛皮神话，助,1
这次还有那么幸运，抢反弹的朋友,1
日，英月启动，大A月蓄势，怎么这么多人看空？,1
华为裸眼3D技术获突破，3000亿市场蓝海，渗透率有望超,1
新亚与中期已经封板，留意今天量的定向，提醒自己，力,1
昨天亏1千多，今天涨200多，还在继续下跌，呵呵呵,0
伊利从18年底开始发展奶酪的业务，未来几年在加速增长,1
还有六十个点好跌，3540止跌！！！,1
空仓观望暂休息40天是上策我信,1
拓新药业、西陇科学、龙津药业、亚太药业、九安医疗五,1
一样,1
跌停跌停跌停跌停跌停跌停跌停跌停跌停跌停跌停跌停00,1
各位，镍相关股票有哪些？谢谢,1
宏图随笔（四）：（深度心理必看好文）还记得你最初炒,1
别看上午涨的欢，就怕后面拉清单，大盘调整在即，奉劝,0
这位学霸的市场化思维好成熟，在学校荣誉排行榜上的个,1
中国家庭拥有的证券资产开始逐年增加。买股票，买基金,1
量能不足，上下无力。,0
今天能跌的是得有多垃圾啊,0
涨时花溅泪，跌时鸟惊心啊,1
明天周一，利好江淮汽车,1
山东龙头瑞康医药是开药店的，8错，中国市场有4698亿,1
下一步，万丈深渊。,1
今天没有v回来后面的情绪就糟糕了好不容易整了下信心,0
股市就应这样吗？大起大落。,0
砖家，在哪里？,0
手上的股还没开始涨，大盘就说反弹结束了[抓狂],0
明天冲上3500，信吗,0
2020年第一交易日工农中建四大行会涨停（骗你是小狗,1
空仓说实话很难受啊。只能告知自己忍忍忍！昨日清了。,0
又3300了？,1
不相信今天A股还涨，涨了就是奇葩。,0
不用看了，大涨收盘，下午来收果子就行了！,1
一个股票拿了三年，现在还亏十几个点,0
废物,0
受国家新能源汽车补贴好消息提振，今天锂电池板块和医,1
中国人一定要起来吧起来吧。,1
不是茅台，今天照样是下跌的,0
稳扎稳打，理性，今日做多我是顺势而为,1
精选优秀企业，痛定思痛后。也许这样告诉自己只做一个,1
收盘3217-3219,1
突破3322，回踩不破3307可确认调整结束!,1
今天巨亏2300元9万多市值,1
接下来的两种走势,1
可不可以投降输一半啊？我不玩了把钱还我[哭],0
为毛我感觉涨了，但是我没有赚钱啊？[亏大了],0
洗盘结束，起飞了。,0
3500点指日可待,1
还不翻红等待何时[成交],0
[赞][鼓掌],1
争取9月开门红。,1
别在套人了,0
没有量能走多远？,0
治愈股毒：逻辑系列（五）,1
腾达建设：晚上六点半公司公告正式中标4.25亿元工程建,1
受5年期以上LPR报价创历史最大降幅等利好刺激，周五A,1
预测：明天千股涨停，两市交易过万亿！,1
持续性不强，大金融都是拉一下就萎了，一下来个股又被,0
股市全景图！,1
今天减仓或者离场的都是高手!,1
上证282930这三只整齐的黑乌鸦非常容易在节后第一天出,1
3150,1
远超预期利好农业种植,1
我在这个所谓的牛市里，4月份10w本金，进了金融股，现,1
土生火、火生金：煤炭石油一季报业绩将大增,1
最多一天半红盘！，明天下午要清仓！别说我没提醒你们,0
姿势优美,1
这套路！……劳资当年新韭菜就是这样被玩残废的！,0
今天片仔癀跌停，茅台五粮液还会远吗,1
后排的观众，让我看到你们的双手。,0
在实体经济嗷嗷待哺的时候，资本市场坚定的支持实体经,1
自己买的都是啥玩意儿？洪都航空黄河旋风长春高新,1
亏8万。,0
看你们还敢玩股票？？呵呵,0
股市要走好，银行券商必须领头阵。,1
经济差与股市也有很大关联，一，下游没钱谁来投资实体,0
2:30后买！区块链、工业大麻,1
目前点位加个10%准放量。和高位无量一样，便宜个10%也,1
市场继续积攒能量，爆发也许就在眼前，量能会突破万亿,1
这两天外资不交易，内资找不到北！,0
漂亮[国家队][国家队][国家队],1
跌吧，怕被散户抄了底；涨吧，又没有量，看把你矛盾的,0
现在的量价关系是价涨才能量增！！！,1
苦海无边，回头是岸。,1
新股继续,1
机会,1
又忽悠不少人！明天低开低走，又套不少人！,0
牛，超级牛，涨没份，跌每只都排上了[赞],1
平安87减半仓，成本在80以下了，持仓12%,1
有什么利空吗？,0
$上证指数(SH000001)$和中信反着来就不会错,1
这是要灭10元以下低价股退出'市场！,0
这样的走势才是A股本色,1
[亏大了],0
今天再骂的就真没必要了吧,0
看透了，散户要赚钱难啊，离开是最好的选择,0
卖不了，撤单就是了，,0
看看亚太各个指数，为什么我们的波动总是最大的！不得,0
明显是昨天被吓着了,0
没看懂，为什么在今天启动了？？？,0
没有流动性的股市，怎么应对呢？,0
2900争夺战已经一个多月了，感觉还是放量下跌一下好，,1
满仓干，有什么可怕的，这个位置都怕，涨到6，7000点,0
吃药，看病，给别的一条活路吧,0
如果你现在问我什么是成功，我会说，今天比昨天更慈悲,1
超级短线重仓股终于赚了点[俏皮][俏皮][俏皮],1
亏了,0
炒股失去太多太多！！！,0
周四布局天康生物，拉伸吧，牛宝宝[大笑][大笑][大笑],1
空仓了一段时间，明天差不多，可以开干了！,1
玛德又要保卫3000点了,1
不是大A谨慎,0
越走越低可不是好现象，小心为上！,0
还是要跳水，放心,0
2020年业绩有保障的行业：电力、煤炭、医药！,1
新年伊始，预测2022年有可能走牛的板块概念：1.氢能源,1
下午不走V字就要小心了,0
又是赔本的一天，哎,0
不玩了！打工去,0
今天那些所谓垃圾专家都跑哪里去了，不出来再吹吹牛，,0
为什么梦百合、广博股份资金净流入而涨停不见，但银宝,1
今年亏了1万大洋！,0
缺口必补,1
2022世界人工智能大会期间，“引领新赛道数创新纪元”,1
a股近期经常一整天横着走,0
0204消息面：1、今天一只新股申购，罗普特(787619，19,1
今天不涨点，明天都不好意思喊爹！！,1
经济预期向好市净率十年偏低，盯着159633中证1000指数,1
我来预测一下大盘今天的最低点！,0
快到目标位置上了3470附近，今天准备加仓10％以上！,1
摇摆,0
震荡行情下的轮动都是机会。,1
唯一赚钱的一个月，太难了,0
趋势已成，短期反弹尽量不参与,0
跳水梦之队啊,0
买买买 买买买,1
今天惨了,0
高开必须低走。这是标准,1
早安,1
美股一片红，今天大A继续向上冲[加油][加油][加油],1
臭垃圾，下去吧,0
《拿什么来拯救你我的大盘》个人观点仅供参考，风险自,0
开个新帖。十一点零七分。全仓买入。,1
呜呜呜，关灯吃面,0
震撼：“至9月20日，A股今年以来共有641家上市公司通,1
什么时候回到3000点[愤怒],0
哪个专家也没预测到,0
A股所有板块，所有个股听好了，从现在起都起来干活了,1
星期一就开始砸了，后面四天还得了？,0
感谢主力给机会抄底，明天暴涨！谢谢主力$二六三(SZ00,1
上午大盘走势基本和午盘一致，守住了3515低位，并且成,1
大A在震荡跳水这块就没输过,0
阳光城今天让房地产站稳了，多少人和我一样被洗出去了,1
快上车，明天大涨，哈哈,1
一天100点，玩个屁,0
物流板块肯定会雄起，特别是国际物流，一带一路,1
不见恐慌盘，坚决不进场！,0
新年快乐，2021继续抓英科医疗，爱美客一样省心的大牛,1
下周一过3000,1
不是说好的大风车吗,0
这周就3300了！,1
2500 一直拿着大蓝筹 上涨没份 满仓十个点左右 来回做,1
必定站回2900开启新一轮行情！[买入][买入][买入][抄,1
涨了40多点咋觉得和我没啥关系呢，我买的难道不是中国,0
今天收盘虽然小幅下跌，出了小利好，雁鸣技术分析的李,0
今天亏本清仓，希望大A明天暴涨，哈哈哈,1
又要绿了,0
快抢,1
太艰难了,0
请问牛在哪里,1
5天了一直在拉高出货,0
3150缺口不封闭，根本美女大行情,1
空仓过节，感谢接盘侠,1
下面截图观点，我基本认同。,0
低开深走不好吗,0
该调整一下了,0
要补缺口哦[让我看看],1
今天清仓芯瑞达买入天齐和盛视科技一赔一赚。白玩了[,1
比起跌去的钱，我们有健康，钱跌去了，还会漫漫的涨回,1
目前就差超跌券商股、保险股地产等低估值发力了！要是,0
卖掉其它股，左手重仓三峡，左手重仓齐鲁，买错吃亏顶,1
新粉，都去看看主页文章，别到时候也来骂我。,1
说三道四没用，212我全仓卖出，如果再探缺口就买入。,1
请叫我股神,1
每年国庆节前农业种子股都会大涨，因为放假国外没有办,1
大盘预计在8月动一动,0
已中信为首，又开始砸盘了，全市最大的空头名不虚传，,0
002232启明信息，继续持有。竞价提示的002699涨停,1
2021.12新韭菜之妖股的一点心得三羊马，妖股总龙头，,1
这2021年我们伟大的生日，不应该涨多一点吗？,1
今天怎么不砸了，继续砸下来。跌是常态涨了感觉不正常,0
下跌无力，反弹无量，横盘整理，静待向上。,0
今天的高开收阳对了，明天怎么走具体请看我的详细推演,1
赶紧跑吧，下周大盘肯定不会好的,0
向三体人面壁者致敬[得意][得意][得意],1
2900点不买，3200不卖。是对是错,0
昨晚上把车卖了，今早全仓抄底，牛市来了，它真的来了,1
缺口要补，那是技术，下午放量冲破3095那是信心，大盘,1
迅游科技，开启。,1
加油啊上证指数！加油啊中国！我们一定可以好起来！,1
就是个驴蛋,0
不让人活了,0
目前京东方大均找以五十度脚左右的方向向上加速运行，,1
2.24早安，各位股友！周五我就说了，大盘无忧，今天还,1
今天股票没有人管了，在自由发挥。,0
上升趋势已经确立！一旦形成趋势行情走势很难改变了！,1
汉王科技买起来！！！,1
你或许意识不到沪深主板股的优势，等科创板开锣，市盈,1
疯了,0
Gogo往里冲,1
刹不住了,0
惠博普：产品覆盖海外15个国家惠博普较早参与国际竞争,1
硬一下,0
年后可谓是飞流直下三千尺,1
还是缺口,0
金叉啦,1
广州今天特别冷，有在广州的朋友吗？今年入冬以来最冷,0
祖国是强大的,1
中兴，下周反馈股民一个涨停板,0
最怕大盘高开,0
天天跌，日日跌。,0
一看见绿，又吓跑了,0
明天和后天接着砸盘！！这就是大A的尿性[大笑][俏皮][,0
黑周四，妥妥的。,0
元宇宙：一宝二线十云600126，第一届元宇宙委员成员。,1
还来昨天的套路[滴汗],0
黄斌汉：好事将近，低PE股最先受益！,1
大反攻，开始了,1
在中国大a的市场散户没有靠,0
这次牛市将是一次指数行情，当大盘股涨起来指数会拉得,1
购买敦煌种业600354理由利好：1.农业种植，一带一路，,1
这么多人赚钱，赚的都是谁的啊！明天开始安心上班，啥,0
下午使劲砸，谁都别想跑,0
2021年3月，伦敦房产交易量达到自2005年有记录以来的,1
工业智能激光机器人、国内外知名企业龙头：大族激光,1
实盘实战直播十一点十二分钟：翻红就是机会！,1
最近20cm的大长腿这么多，难道年底前业绩不是重点，股,0
3月11日，大盘难得来一次普涨行情，同时没有尾盘跳水,0
大盘涨的啊，一想到到时跌的时候不知道又要亏多少就肝,0
干杯,0
，红得如火的木棉花,1
[cp]【关注！#18个关键词前瞻博鳌亚洲论坛#】今年是#,1
大A真牛,1
现在是底，快抄，过了今日，后悔一生啊！,0
中核钛白这个票跌破中枢上沿ZD=13.82，盘中最高点13.7,1
大盘都涨狗身上去了，天天亏,0
其实要不了多少资金就可拉涨停板，目标价至少13块，还,1
看到了亏的股股价44元，业绩9分的14元，大盘还要跌。,0
郭晶晶马上就到,1
哈哈哈哈哈，12月30日，下午13点30分，我大A正式启飞,1
性价比是真理，2元3元股不存在技术压力,1
正文资讯：“纯碱主力合约涨逾9.35%，因各大企业停产,1
坚决远离A股垃圾堆。,0
我预言星期五上班了[呲牙][呲牙],0
指数涨了为啥个股不涨,0
回归大盘核心资产！叶飞事件给年初哭着喊着要求小盘涨,1
往下,0
对不起大家，我今天不该买，主力可能盯上我了，如果我,0
这是要跌破2900吗？,0
看的见的死不叫死,0
下午务实千股涨停……坚信中国稳定市场,1
死垃圾跳的比涨的多,0
又要挑战2900了[哭][哭][哭],1
7.17复盘，聚焦这一主线！,1
6月13号操盘,0
小级别继续回调，明后天看看再说,0
谁看的懂大盘连续三天收T型？,0
好酒好酒！收盘之前斟满酒杯！明天吃肉！,1
技术贴：创业板反弹已见今日高点，见红的先跑,1
赶紧跳水吧，别墨迹了,0
银行股上涨不行，砸盘第一！,0
散户快跑吧，骗子来了,0
卡在五日线了[捂脸][捂脸][捂脸],0
昨晚美股大涨，就看你表演了！,1
恭喜在2800割掉的兄弟在3400接回了自己心爱的筹码,1
不放量要跌,0
好好好！,1
融资客融资客，套的就是融资客,0
万亿搞一波,0
现在是不是就等主板创新高了,0
我等的人还不来我等的人你还在,0
三月开门红 成长和价值风格切换,1
2021年9月21日一周复盘：1.节前最后一个交易日，我说,1
7000亿的大机会！十部委派发大礼包，买家电又要便宜了,1
石油股捣了下乱，又打回原形！,0
全靠50拉指数,0
北风20210715我等大盘到3500.立贴为证,0
【中银证券：年内A股将呈现结构性行情顺周期估值性价,0
嘉寓股份这个股票是什么股啊？股价才3.6元怎么这么便,1
无量啊,0
申通快递，还挺强啊，逆盘收红。遵循原则，趋势好的情,1
坚决回避银行有色煤炭周期股！坚决卖了！套了完蛋了完,0
实际现在的大盘没法参考了！太容易迷惑方向！,0
下午V型反转,1
日后必定月月新高,1
大家一起顶起来，今天必然会翻红，必然会大红，可能会,1
金九银十行情开启，股市向70周年献礼,1
今天重点关注军工股，军工股连续下挫，今天必须有大反,1
反弹开启，可以加仓了,1
猪肉韭菜馅的汤圆,0
还有100点差不多了,1
暴跌第三波开启，然后再调整,0
天天创记录,1
音效不错,1
牛市中如何赚得更多？牛市来临，作为散户一定要把握好,1
跳水队已经准备就位了，,0
今天大盘怎么了？又是股灾难吗？,0
$上证指数(SH000001)$稳稳的！3300今天必然上,1
感觉像最后的铜板、风险太高了,0
中信证券买了益客食品么？？,1
主力在推波助澜的连板票,1
今天满仓煤炭，明天一定要涨啊…阿弥陀佛…！,1
破位了，先回补3152的缺口,1
明天上证涨停板[大笑][大笑],1
赶紧上车，不然越拉越远，8000点根本不是梦，行情刚开,0
兆驰股份净利润增长百分之五十以上，可股价从2.87涨到,1
先吃饭，重点在明天，今天收个阴小阳！,1
下周3449.17开盘，周收盘点位在3567.83,1
周末终于可以涨停了，加油！,1
纯阳的500万实盘日记，11月05日今日战况:-51300。目前,1
市场趋于稳定向好，券商股是排头兵。,1
看来今天要大涨啊！哈哈哈,1
明天不跌退出股市,0
刮风啦，下雨啦，快点收衣服啦,1
据相关数据；今天沪深两市反抽，主力资金净流出高达近,1
A股三大指数今日集体收涨，市场成交额达到一万亿元，,1
完胜,1
我已满仓，可以大跌了。反向指标。,1
不行，这太猛了，不踏实,0
#应莹：A股将在3000点关口震荡中反弹#徐老师出来拉,1
老道复盘日记：大A悲惨的一天，但也不必如此悲观,1
调皮,0
这波开盘冲刺太不正常了,0
牛市就该尽情做多 跟随大盘上攻,1
新能源车在迎利好！A股上涨仍未结束？,1
牛市还在骗散户接盘？牛市的条件根本不具备，都是吹牛,0
中国新能源汽车产业快速发展，自主品牌强势崛起，继续,1
老哥@疯皇捏盘 @江北牛魔王 ,1
各地猪肉是多少？各地的大超市缺货吗？问一下。,0
中央、国务院大政策出台：大消费内需大循环战略、大大,1
券商再助推一下，破2900,1
明天还有一波大暴跌,0
绝佳入场机会,1
最后一天还要耒这么一招，居心啊,0
现在走的是日线级别完成后，120分钟级别的尾浪，目前,1
这种反弹，只会持续一天,0
不听昌松言，吃亏在眼前,0
股市健康稳定的向上是发展好经济的的重要方法。,1
今晚欧美重大利好！！明天密切关注疫苗板块！！,1
快乐东风7.26盘中文字直播：上证指数从分时上看，日内,1
请允许我说一句：主力干得漂亮[俏皮],1
热力祝贺股市新年连跌八日，九阴真经马上练成，成功走,1
汇金上市就是第二个中石油,1
明天有效跌破20日均线就没得玩了，短期就下了！,1
管住手,1
今天出阳光。今天长城！短线操作中！,1
今日加油干，到年底你才发现，这才是底，中国今年股市,0
2800到了,1
又是涨！明天继续暴涨,1
紫光国微，昨日10个亿的封单封死，今日突破阶段新高，,1
十年不到三千点可这十年发了海量的新股。据我所知这十,1
大盘墨迹七个月，牛比哇,0
环境保护迫在眉睫，国家加快力度整治,0
长线建仓机会已到，这波先来3000点，让抄技术以后接我,1
外围影响太大，石油天然气黄金,0
两种形态走势，3000点最后一面啊啊啊,1
st板块要崛起了,0
一切皆有可能，乐观没错,1
上指下周考验3080点支撑！,1
3600点我都期待三个交易日了，今天能否重上？,1
布局第一天，不记涨跌，一季度看收益。,1
就不知道研究半天举措，研究出个啥来了,0
本周不用担心大盘，大胆持股,1
明天2888见,1
悲伤的秋千总有微风陪伴，孤寂的夜，总有繁星点点，蓦,1
冒绿光的赶紧买不买就买不着了[大笑][大笑][大笑]还愣,0
这大盘，邪乎,0
反转了，抓紧上车！,0
这是个好主力，鉴定完毕。,0
今天指数太强了,1
小孩子的脸一会就变,0
清仓了，周末好好睡一觉，再也不炒股了,0
海螺水泥：传统业水泥过剩业绩下滑、下降通道二大机构,0
个股爽歪歪,1
直奔着3100去咯,1
3190再见,1
要来就来狠点，直接杀到1700，重新出发。,1
上当受骗了，主力操纵股市拉高出货。,0
5g概念大涨，你知道那些股票拥有5g概念吗？5g概念股大,1
一、今日盘面分析及明日操作策略周二，沪深两市冲高回,1
随便你怎么玩，我拿着不动你拿我没办法,0
拉不动了怎么办？砸盘！暴跌才是办法！,0
我以前心脏不太好，喜欢炒暴涨暴跌的活跃概念股，而且,1
大家早上好！昨天重要会议结束，满屏都是“重磅”推送,1
吃肉跟不上，挨打就次次有！今天估计又一闷棍,0
我们市场是全球避险市场，不是局部黄金和石油，今天市,1
下午大盘围绕3310—3341区间波动,1
实盘投资组合，追寻1年10倍操盘理念，欢迎关注[加油],1
大大方方,1
都是在瞎咧咧，好像股市的走向你们说了算，你们家的股,0
预计俄要开始撤军了,1
这个三浪就是简单的上涨，不会复杂的，因为二浪3042到,1
随便洗，就不走！,0
明天吹反攻号角,1
在激光加工设备领域，大族激光公司成为行业内唯一入选,1
准备起飞了[微笑],1
精功科技葛州坝10分钟内拉升涨停,1
二连跳的节奏啊,1
市值400亿的巨化股份和市值400亿的深南电路，谁更有价,1
这股市看着纠心！涨一天跌五天！,0
真是服了A股,0
巴菲特抛掉比亚迪买西方石油（美国第四大石油天然气公,1
下午开盘，关注午后量能会不会放大，还有5G后排股资金,1
看看大盘布林线向下开口，绝对会跌破2900,0
上证指数20200309周一看法：-上证指数周一或将主要在3,1
成功的交易者总是张着两只眼，一只望着市场，一只永远,1
0,0
接下去十四连阴，四十连阴也不稀奇了！！[大笑][大笑],1
明天跟不跟？？？,0
作,0
压根没人玩了，看这量,0
一字板开板后走势上跟中国医药非常神似，后期能继续复,1
什么垃圾在涨,0
我只看指数涨，但不动心,0
不用看了，都懂。暴跌,0
凉凉,1
昨天清仓果然很明智，今天看看能不能抄个底，哈哈,1
今天没有喝茅台熄火了,0
2点半操纵大盘指数屡试不爽！,0
今天不上明天咋整啊黑四[惨!关灯吃面][惨!关灯吃面],0
赶紧抄底。。今天100%到底了。马上反弹说不定下午就31,1
明摆着下午跳水！上周资金太大，今天拉高出货，唉太明,0
亏得20w，节前全部清了。回头看看，一身汗！,0
别抱什么幻想了，该清仓就清仓了，估计最少调整2个月,0
小幅上涨这个要求不高了吧,0
指数正在有条不紊的爬升之中，还有人问牛市来了吗?,1
大家好[献花]开心每一天[爱心]创业板的涨跌幅放大至20,1
永泰能源是现在最适合入手的一支股票！,1
回到2000点吧,1
本周开启反弹模式,1
周五3480左右是短期底部,1
上车证券。上车证券。,0
大家拿李大霄当笑柄，我却认同他,1
$上证指数(SH000001)$3406等你,1
无需恐慌！无需担心！耐心持股！等待周级别大反攻！今,1
涨停和龙头:龙头股的出货。,1
$上证指数(SH000001)$急跌慢升大牛市，4000点不是梦,1
厉害，，横着装死[哭],0
七月不负安好，八月凤舞九天。[火箭][火箭][火箭][牛],1
新手，有没有老湿鸡带一下,1
短线可以轻仓进场了！！！,1
600751业绩增长400至600低价股，大数据，云计算，人工,1
主力诱多，个股分化，反弹延续。,1
6124后，有过牛市吗？,1
强力推荐002955,1
9点35分止，主力资金流出超14亿元，北上资金流入超30,1
韭菜们有又蠢蠢欲动了,1
9月26日上证50指数涨跌预测及50ETF期权操作计划：#传,1
对于股市，完全没话说,1
疫情会越来越好转医药热度也差不多了！,1
珍惜3200点吧！,1
搞不懂，美股成了风向标了！跟跌不跟涨,1
新年开门红，下周下周再接再厉！,1
[cp]财达证券站稳第一买点15.70元，短期趋势延续，开,1
这样掉下来的指数，至少得几个月震荡了,0
市北高新打板了！快进来,1
赶紧把缺口补了吧,0
300541先进数通调整结束，最佳买入期，关注必有收获。,1
今天上午，我们只重点分析上证指数大盘节后走势：一是,1
还有3分钟止跌,1
我可以告诉大家，没有十颗星星，大盘想涨，门都没有！,0
真正的超级高手是:看准时机，全仓出击，纪律严明，十,1
缩量上涨，国庆节快乐！,1
吃肉没吃到又给打了一顿,0
大盘最近是不可能跌的,0
双针探底，厉害。,1
大盘涨了这么多，个股还绿了近一半，大a也就这样了！,0
全线熄火，又要去震荡了。3400点又没希望了。,0
每天都是托着,0
不玩了股市太伤感情了！,0
个人估计大盘目标补缺口——2855。。。,1
大鹏展翅鹰,1
不是牛头熊身，只是老鼠扎堆。,0
不会只是3000点上打个卯，然后一路向下吧。,0
今天沪深股市走势符合预期，各项指数都是缩量上涨，中,1
年底肯定会创出新低，2863必破。,1
看来我的使劲打击大盘，我发现我猛打击时，大盘就能抽,0
不错，一步到位，回补上缺口了,1
上证50狂拉指数，不要脸！,0
这波必破三千点了,1
在美联储议息会议揭晓以前，还是空仓为妙，我是趋势投,1
相信国家的力量[火箭],1
2021.12.23今日亏损2656，看着那些不是涨停就是跌停的,1
进入熊市赚钱机会渺茫！,0
今天不跌明天也会跌。。。,0
今天确实涨了，我的高血压涨起来了,1
明天是科技股大涨，立贴为证！！！！！！！,1
要回补缺口了，后面怎么走,1
抱团操纵几只股票控制指数，不接盘，就是不接盘。,0
春节红包行情。。。,0
大家都出来说话啊,0
铁哥百万实盘2020.10.27持仓明细，大幅波动，坚定看好,1
今天怎么这么卡，看不到k线，刷出买卖档口也很慢，好,0
什么啊,0
热点分析：医美首次高潮，医药相关板块持续走强（4.30,1
大盘今天见底了，整好杀到55周线，明天将逐步回升！,1
双底了,1
今天热点题材＋龙头股复盘,1
9月8日午盘分析，危险危险危险，大盘有下跌风险！,0
$上证指数(SH000001)$掉往死里掉，上涨像蜗牛,0
中牧股份有望涨停吗？,1
玩了一整天赚了6块钱，下班买瓶红牛希望明天开始科技,1
富贵险中求,1
科创板出来，交易频繁，券商挣很多呀！！,1
最近怎么了 怎么老是早上赚个4，5千  下午就只剩1-2千,1
今天穿3300明天穿3200！看你怎样弹！傻仔年年有今年特,1
外资一跑，指数刷一下下来了那么多,0
上午虽然下跌了，但这里没有顶部结构，只能按趋势交易,0
终于等到你还好我没放弃，幸福来的太突然了,1
最近行情不好，希望有人指点指点,0
涨的都是周期股,1
记住了6.17号，是中国打爆空狗的纪念日,1
打击所有操纵股市的黑手。,0
我觉得大盘要是能上3300我今年肯定可以变红，加油吧[,1
下方的缺口就像路边的野花,0
沪指收盘大涨逾2%：金融股崛起 5G概念股掀涨停,1
今天[大笑][大笑][兴奋][兴奋],1
明天必涨[想一下],1
看样子大势已去啊！,0
$上证指数(SH000001)$据CME“美联储观察”：美联储到5,1
“超级大牛市”今年上半年总是吹“牛市”的机构、大咖,1
银行金融砸盘,0
看你抱团坑散户能猖獗多久？,0
周一低开40点收盘破3400,1
美股涨了10年，跌跌更健康。,1
全球都在大涨我们大A婴儿底继续回调骗钱,0
每周都是一红四绿！有个性！,1
今夜……无眠！,0
就今天大奇迹！满仑干！千涨不停！,1
在无聊中亏损,0
吃伟哥了？,0
"顶部,突破诱多[为什么][为什么][为什么][好困惑][好困",1
这一个星期上涨的几率不大,0
白酒死万物生。使劲跌吧,0
午评接下来A股怎么走？看完你就懂！,1
今日主力调仓换股,1
直线向下了,0
大盘经过二天下跌可以看的出来，这个不是假跌。希望各,0
茅台大涨2.3%[牛],1
目前上证2300多亿成交量，耍猴子,1
大家互相转告！有资格在期货做空，才能来A股发财，不,0
今天没啥危险，危险在明天,0
我的军工股两天跌了将近10个点，服了！,0
外资流入状态，什么资金在砸盘？,0
风险风险风险！！！,0
上午涨的时候不带劳资,0
吃一顿拉几天,0
两岸猿声啼不住，轻舟己过万重山。,1
傻了，一波一波往下砸,0
真独立,1
大盘如此惨烈，多加注意投资,0
下周大盘还要跌，这个事情我说了算！我做的是精准确定,0
钱涨多了就是股票不涨，14亿人口涨，猪肉涨，鸡肉涨，,0
只要你敢来就让你走不了,0
谨防随时二次深蹲。,0
每一次高开都是一个坑,0
看了半天，感觉3000点，有回踩需求,0
3050是关键防线，若失守，大盘短线有虞。,1
啥情况？,0
今天的大盘泡沫挤得漂亮，一次到位,1
金融强 经济强  金融稳  经济稳,1
建议国家加快成立基金入市不要让外资占比太多，不应该,1
下午大爆发[加油],1
跟跌不跟涨的大A,0
你跳起来真好看，像跳水运动员一样，把所有的幻想所有,0
刚刚入睡！周末市场迎来四条重要消息，或将影响下周行,1
反弹到此结束，二次下跌模式开启。,0
节后弹3天，然后接着下打，,0
什么情况？要清仓了？,0
重要突破！星期天重大新闻！,1
好一个诱多啊,1
开盘前瞻：茅不起来，业绩超预期是主线,1
昨天吃肉，今天继续[鼓掌]$广博股份(SZ002103)$$湘佳,1
抗击疫情、引入腾讯、拥抱华为、加码军工 东华软件全,1
提前跳水了,0
今天大盘上涨0.01%也是好的！中国人最讲究红红火火过,1
知识产权知识产权又涨了,1
$上证指数(SH000001)$3000点不能再多了,1
狗的很,0
这种行情就是不让你们抄了！大家都休息吧！,0
为何我肯定现在就是牛市？应部分粉丝的要求，我把牛市,0
一天的交易又结束了十月第一周也只剩最后一个交易日了,1
只有美股走好，A股才能有救,1
一、周五盘面分析周五，沪深两市探底回升。截止收盘，,1
感觉下午会跳水,0
银行保险两桶油歌舞升平,1
为什么为什么，天天脸都是肿的[怒],0
下跌开始。熊了。,0
呸,0
光大证券跌停！大盘就安稳了！,1
不会化钱买指数的，看好2800,1
这是上年线了吧,0
都想被套跑路  难哦 等吧  T都做不了,0
大盘两个波段，我亏了30个点，什么情况？短线血亏啊,0
300419果断割掉换601456，看好接下来的走势。,1
下午收盘红，明天普涨，下个星期还得洗一洗。,1
春风无力百花残，,0
大家早上好[献花],1
下跌开始，快跑,0
下周一关注和晶科技英飞特和顺电气,1
我是坚定持有，看好未来,1
大家为什么还要买苹果设备？,0
下午还会跳水吗,0
今天上午看着涨了，但不敢跟，有吃肉的，我看着，稳住,0
今天表现不错，给你点个赞！,1
大家发现没有，尾盘再次如预期出现了翘尾动作，剧本重,0
45度主图指标,1
我知道，这次被套，什么时候解套就不知道了，长期持有,1
$星期六(SZ002291)$10倍牛股不是梦，看看这个成交回报,1
让我回本把，再也不碰股票了，亏的惨不忍睹，肠子都悔,0
说好创新高呢，，割大腿,0
进了，博一把,0
